RMS,MAV,WL,target
547.1247500728389,547.0736145574855,1396.0,mesaio
551.0831848207899,550.1736972704715,2288.0,mesaio
549.8250330764494,549.7952853598015,1146.0,mesaio
551.2953071770767,551.2452440033085,1347.0,mesaio
548.763087289841,548.6720430107526,1621.0,mesaio
548.9474291618983,548.7406947890819,2053.0,mesaio
549.1612075197041,549.1062861869314,1392.0,mesaio
549.1567225051715,549.1315136476427,1234.0,mesaio
550.2660951160295,550.2435897435897,1127.0,mesaio
547.6449632653522,547.6038047973532,1288.0,mesaio
552.6028473939406,552.525641025641,1452.0,mesaio
550.43376608993,550.3614557485525,1556.0,mesaio
551.8167161042179,551.6418527708851,1854.0,mesaio
550.2930473531903,550.182382133995,1471.0,mesaio
552.0304819654654,551.5479735318445,2572.0,mesaio
552.040429361199,551.8531844499587,1769.0,mesaio
546.3558168996186,546.0210918114144,2319.0,mesaio
550.4835489977168,550.2593052109181,2176.0,mesaio
554.078067197407,553.9561621174524,1648.0,mesaio
551.8126690017205,551.5715467328371,1958.0,mesaio
546.0081136897636,545.8072787427626,1815.0,mesaio
683.441050841392,652.1695616211746,15555.0,mesaio
810.5488161577252,787.4172870140612,18929.0,mesaio
750.2366271327204,687.4722911497105,43757.0,mesaio
660.5619947312854,595.0206782464847,31134.0,mesaio
557.1377988269332,557.0049627791564,1879.0,mesaio
549.211034994264,549.0529363110008,2193.0,mesaio
546.4801835238717,546.3800661703888,2056.0,mesaio
545.0365973704136,544.7204301075269,2289.0,mesaio
550.7947517549474,550.6484698097602,1964.0,mesaio
548.2058200845048,548.055417700579,2156.0,mesaio
548.8861211083856,548.7241521918942,2174.0,mesaio
549.7665972159386,549.5562448304383,2247.0,mesaio
549.4260182636772,549.3076923076923,2071.0,mesaio
549.1327706798912,548.9909015715467,2002.0,mesaio
549.5041749578546,549.37841191067,2037.0,mesaio
549.2348395865974,549.0760959470637,2185.0,mesaio
549.7707455130744,549.5789909015715,2191.0,mesaio
550.3945374143443,550.2105045492142,2337.0,mesaio
548.277787870008,548.1240694789082,2205.0,mesaio
547.9703379884138,547.6683209263855,2392.0,mesaio
551.0502649858204,550.9263854425145,2101.0,mesaio
550.9358644309648,550.7948717948718,2229.0,mesaio
551.6688220729098,551.3883374689826,2591.0,mesaio
550.2555459416441,550.0822994210091,2250.0,mesaio
549.2875877093709,549.1344086021505,2306.0,mesaio
549.7816518985223,549.5843672456575,2317.0,mesaio
550.311222195023,550.1211745244003,2344.0,mesaio
546.9843621833427,546.7841191066998,2275.0,mesaio
550.5249652706675,550.1294458229942,2786.0,mesaio
549.4401075292798,549.0926385442515,2869.0,mesaio
549.1536107247616,549.0041356492969,2304.0,mesaio
550.6411624881514,550.4185277088503,2671.0,mesaio
547.1003029810155,546.9325889164598,2187.0,mesaio
548.990594518832,548.6555004135649,2692.0,mesaio
551.1309006436984,550.9578163771712,2395.0,mesaio
549.5681344552304,549.4023986765923,2190.0,mesaio
550.3201966660508,550.13523573201,2525.0,mesaio
550.8750186629735,550.5922249793217,2493.0,mesaio
550.7133361922968,550.5028949545078,2714.0,mesaio
549.813479915183,549.6526054590571,2380.0,mesaio
550.3365956270329,550.1881720430108,2375.0,mesaio
549.0338363275882,548.651364764268,2518.0,mesaio
549.4916930773016,549.3854425144748,2273.0,mesaio
550.0333146538626,549.625723738627,2689.0,mesaio
550.4895636783461,550.2535153019024,2240.0,mesaio
547.9373522750542,547.8126550868486,1998.0,mesaio
551.4248072325282,551.2799834574029,2108.0,mesaio
549.1442681232068,548.9681555004136,2224.0,mesaio
548.8216364044041,548.5814722911497,2398.0,mesaio
550.359809368747,549.9685690653432,2377.0,mesaio
550.247872560392,550.0711331679073,2430.0,mesaio
549.7177089682939,549.5512820512821,2327.0,mesaio
550.3316366123341,550.0368072787428,2653.0,mesaio
550.2643916740542,549.9751861042183,2944.0,mesaio
549.7318189694204,549.590570719603,2363.0,mesaio
551.7920541748086,551.5769230769231,2876.0,mesaio
547.0024825180351,546.7928039702233,2345.0,mesaio
550.7304390921181,550.5566583953681,2252.0,mesaio
550.9439594774573,550.7684036393714,2355.0,mesaio
552.0235682025874,551.8602150537635,2183.0,mesaio
550.5171529110577,550.3126550868486,2671.0,mesaio
551.2713871282781,551.0496277915632,2332.0,mesaio
548.1720495857699,548.0194375516957,2222.0,mesaio
548.4024263779633,548.227047146402,2217.0,mesaio
549.8817099654324,549.7642679900745,2052.0,mesaio
548.0491905104773,547.9185277088503,2087.0,mesaio
547.0139990315389,546.8660049627791,2429.0,mesaio
548.6359187852239,548.4830438378825,2346.0,mesaio
549.0415477671288,548.863523573201,2276.0,mesaio
549.5361985335992,549.3387096774194,2380.0,mesaio
549.0478964885889,548.8945409429281,2270.0,mesaio
548.0666810239748,547.8668320926386,2084.0,mesaio
548.9507877108572,548.7845326716294,2151.0,mesaio
546.3834218499464,546.1952026468156,2321.0,mesaio
549.4756422168122,549.368899917287,2061.0,mesaio
548.4316219943089,548.2605459057072,2202.0,mesaio
548.4632930935012,548.3238213399504,1914.0,mesaio
550.3102673994858,550.1232423490488,2324.0,mesaio
549.8422211466672,549.6699751861042,2416.0,mesaio
550.8297778522277,550.7278742762613,1941.0,mesaio
549.4875648762952,549.3424317617867,2436.0,mesaio
548.5157237243707,548.2096774193549,2317.0,mesaio
550.8673764333188,550.7299421009099,1998.0,mesaio
552.2126685123302,552.0074441687345,2337.0,mesaio
551.0434132252119,550.8325062034739,2380.0,mesaio
550.6513362622286,550.4234904880066,2544.0,mesaio
550.9354027755259,550.7369727047146,1991.0,mesaio
549.282051899831,548.8502894954507,2374.0,mesaio
547.9170833921432,547.713399503722,2407.0,mesaio
549.3932584588503,549.2361455748553,1986.0,mesaio
550.2180201765907,549.9995864350703,2246.0,mesaio
548.6821609368722,548.4536807278743,2361.0,mesaio
551.9413039992392,551.7770885028949,2204.0,mesaio
550.5655641671118,550.4387923904053,2105.0,mesaio
550.3030926648751,550.0587262200165,2481.0,mesaio
551.4928892994822,551.262200165426,2510.0,mesaio
548.9090089283587,548.6476426799007,2458.0,mesaio
552.0813625290604,551.8449131513647,2472.0,mesaio
547.443827258385,547.1674937965261,2566.0,mesaio
548.0454196973843,547.8813068651779,2350.0,mesaio
548.4141940222994,547.8180314309346,3068.0,mesaio
548.1450866149845,547.9640198511166,2353.0,mesaio
551.1207848741187,550.9234904880066,2420.0,mesaio
549.0070746266158,548.7894954507858,2435.0,mesaio
547.4638039407812,547.1980976013234,2749.0,mesaio
551.5232729409826,551.3217535153019,2757.0,mesaio
553.0826264185022,552.8498759305211,2413.0,mesaio
548.4790576448092,548.2510339123243,2815.0,mesaio
550.044306434063,549.7870140612076,2705.0,mesaio
548.7782064287144,548.5181968569066,2550.0,mesaio
547.3607837098164,547.1765922249793,2293.0,mesaio
549.0714720230675,548.8279569892474,3204.0,mesaio
550.8729582481176,550.7117452440033,2388.0,mesaio
548.7877975436745,548.4280397022333,2732.0,mesaio
548.2674041031302,547.944582299421,3015.0,mesaio
550.9294586456957,550.7349048800662,2389.0,mesaio
550.9897283324566,550.6749379652606,2565.0,mesaio
550.1812886423969,549.9168734491315,2774.0,mesaio
550.0273291954403,549.7874276261373,2672.0,mesaio
550.5786297554822,550.2717121588089,3021.0,mesaio
549.6564228763855,549.4454094292804,2659.0,mesaio
550.6614760518568,550.4491315136477,2583.0,mesaio
548.5429866369504,548.370140612076,2302.0,mesaio
550.96743098687,550.7824648469809,2337.0,mesaio
549.0221960857974,548.8151364764268,2418.0,mesaio
547.3738052857352,546.9685690653432,2736.0,mesaio
550.5333255257804,550.3263027295285,2584.0,mesaio
548.9312806431114,548.5938792390406,2637.0,mesaio
549.1382680791629,548.9789081885856,2339.0,mesaio
551.7306042228063,551.5099255583126,2340.0,mesaio
550.5824151426839,550.3333333333334,2680.0,mesaio
550.4163669494121,550.1803143093466,2458.0,mesaio
547.7500512945068,547.559553349876,2445.0,mesaio
551.2192054796901,551.0334987593052,2380.0,mesaio
551.5688625103708,551.3722084367246,2636.0,mesaio
548.7947094933654,548.6141439205956,2380.0,mesaio
551.9149796370139,551.7253928866832,2647.0,mesaio
552.0808078191841,551.8833746898263,2745.0,mesaio
549.2448402497223,549.0723738626964,2277.0,mesaio
550.2301345733036,550.0537634408602,2478.0,mesaio
550.8501779319935,550.6166253101737,2623.0,mesaio
548.2205521320625,548.0583126550869,2257.0,mesaio
551.1784386347863,551.0194375516957,2323.0,mesaio
550.3396458610371,550.1815550041357,2192.0,mesaio
549.5173101855377,549.2841191066998,2120.0,mesaio
550.009417544758,549.8912324234905,1974.0,mesaio
551.5923655355662,551.3974358974359,2453.0,mesaio
548.7289245054578,548.509511993383,2652.0,mesaio
550.7840595293189,550.5260545905708,2493.0,mesaio
549.4408560913829,549.3072787427626,2214.0,mesaio
551.5480462406044,551.3995037220843,2353.0,mesaio
550.7425226934357,550.474358974359,2587.0,mesaio
549.4121378987468,549.1282051282051,2926.0,mesaio
550.38797354472,549.9909015715467,2753.0,mesaio
551.2774134684789,551.1075268817204,2275.0,mesaio
550.3858609621651,550.156741108354,2651.0,mesaio
550.197669193631,550.0467328370554,2147.0,mesaio
547.9740138465661,547.7167080231596,2834.0,mesaio
551.7627537958926,551.5839536807279,2563.0,mesaio
551.7517314139391,551.5620347394541,2529.0,mesaio
547.7623708973175,547.5074441687345,2733.0,mesaio
546.5738609970545,546.3205128205128,2479.0,mesaio
550.1646978760832,549.8821339950372,2807.0,mesaio
551.1635207754423,550.9727047146401,2404.0,mesaio
550.0889194231472,549.9557485525228,2174.0,mesaio
551.17383047261,551.0132340777502,2341.0,mesaio
549.9792754949457,549.8254755996692,2388.0,mesaio
552.2817422555123,552.1426799007444,2320.0,mesaio
551.8500080168719,551.6505376344086,2492.0,mesaio
549.4094660387966,549.2229114971051,2556.0,mesaio
550.0851952964806,549.9181141439205,2731.0,mesaio
552.8472519183583,552.5,2618.0,mesaio
550.7615049351625,550.2965260545906,3044.0,mesaio
549.1208745848951,548.5876757650951,2955.0,mesaio
548.4857574607599,547.8395368072787,3133.0,mesaio
550.1756678631697,549.7990074441688,3006.0,mesaio
549.8672657337935,549.6774193548387,2599.0,mesaio
552.8613830340202,552.5351530190239,2578.0,mesaio
549.581157159144,549.2200165425971,2975.0,mesaio
548.5212129825167,548.2200165425971,2824.0,mesaio
547.5956835765138,547.3469809760132,2420.0,mesaio
551.4279928200133,551.2315963606286,2404.0,mesaio
548.5170887871047,548.1141439205956,2814.0,mesaio
549.8645468214119,549.6302729528536,2360.0,mesaio
547.8487041572843,547.6368899917287,2396.0,mesaio
548.9183536504851,548.6476426799007,2782.0,mesaio
553.0619804117852,552.8924731182796,2289.0,mesaio
548.4357788808626,548.0599669148056,2673.0,mesaio
547.7248585542256,547.4247311827957,2558.0,mesaio
551.038334484211,550.879652605459,2399.0,mesaio
548.7701766518155,548.4669148056245,2817.0,mesaio
549.9841733943664,549.687758478081,2731.0,mesaio
549.6393253069726,549.3862696443341,2674.0,mesaio
546.310277169736,546.0223325062035,2772.0,mesaio
551.4189827535346,551.1360628618693,2822.0,mesaio
551.0929579520898,550.8751033912324,2578.0,mesaio
553.6711231158564,553.4917287014061,2644.0,mesaio
551.0768310292772,550.9168734491315,2133.0,mesaio
551.8679989406488,551.7084367245658,2501.0,mesaio
556.9008257999578,556.7167080231596,2441.0,mesaio
552.451657010216,551.9822167080232,2864.0,mesaio
552.1426303814375,551.8631100082713,2559.0,mesaio
550.9669108097861,550.6691480562448,2791.0,mesaio
547.1081977691163,546.7051282051282,3078.0,mesaio
552.1270266119038,551.9524400330852,2113.0,mesaio
551.0768666764544,550.8056244830439,2580.0,mesaio
548.8990933133325,548.5843672456575,2531.0,mesaio
548.967921038377,548.741935483871,2319.0,mesaio
552.0755513442517,551.859387923904,2248.0,mesaio
551.3565907442793,551.2307692307693,1806.0,mesaio
551.3245776391759,550.6708023159636,2527.0,mesaio
552.0354148563143,551.874276261373,2181.0,mesaio
549.1772223864436,548.9929693961952,2116.0,mesaio
550.6152491581204,550.3420181968569,2368.0,mesaio
552.996344836756,552.6050454921423,2481.0,mesaio
551.7318091675627,551.6004962779157,1986.0,mesaio
548.5883131306724,548.4160463192721,2165.0,mesaio
551.743409109208,551.485111662531,2503.0,mesaio
550.0934284132627,549.9205955334987,2367.0,mesaio
547.406463451326,547.1761786600496,2313.0,mesaio
550.5014425922175,550.322994210091,2351.0,mesaio
551.6845508734648,551.4466501240695,2431.0,mesaio
550.3462764358145,550.1794871794872,2161.0,mesaio
549.5034283635472,549.3560794044665,2050.0,mesaio
550.4786626786874,550.3428453267163,2089.0,mesaio
549.9113741663757,549.7799834574029,2123.0,mesaio
551.447381569809,551.3238213399504,2032.0,mesaio
550.193855978352,550.0591397849462,2145.0,mesaio
551.708919639628,551.5119933829611,2360.0,mesaio
548.9985276616776,548.8349875930521,1986.0,mesaio
549.5021071450261,549.2051282051282,2447.0,mesaio
550.9796842803379,550.7506203473945,2421.0,mesaio
550.9415363806871,550.7816377171216,2319.0,mesaio
551.3112660522148,551.2038875103391,1912.0,mesaio
550.079844945007,549.9466501240695,2029.0,mesaio
549.9569025899838,549.7775020678247,2280.0,mesaio
549.9674345573695,549.8556658395368,2035.0,mesaio
549.8364547430749,549.7340777502068,1960.0,mesaio
550.0242215886137,549.8626964433416,2001.0,mesaio
550.374570925044,550.2179487179487,1997.0,mesaio
551.4908094458382,551.2981803143093,2246.0,mesaio
548.5744737655617,548.4156327543425,2190.0,mesaio
551.4570560028991,551.2923904052936,2311.0,mesaio
550.9073900757123,550.7539288668321,2070.0,mesaio
551.0465289687459,550.8329197684036,2587.0,mesaio
549.5483422591095,549.4036393713814,2336.0,mesaio
549.133114480774,548.9292803970224,2472.0,mesaio
550.2861718849039,550.1199338296112,2233.0,mesaio
551.0143631254581,550.8308519437552,2273.0,mesaio
550.7619941440662,550.5947063688999,2248.0,mesaio
548.4947783880365,548.3382961124896,2360.0,mesaio
550.9161720431641,550.7899090157155,2106.0,mesaio
550.9951081281407,550.8076923076923,2303.0,mesaio
550.7292559865543,550.5016542597187,2560.0,mesaio
551.7761901530829,551.4023986765923,2583.0,mesaio
553.5693832165391,553.2861869313482,2206.0,mesaio
548.8534485092051,548.6207609594707,2403.0,mesaio
548.8043357379123,548.4214226633582,2753.0,mesaio
549.1006045757092,548.6401985111662,2650.0,mesaio
552.5576350328399,552.382547559967,2186.0,mesaio
550.4541665710695,550.252688172043,2315.0,mesaio
549.7293228221996,549.4574028122415,2861.0,mesaio
549.8032056378845,549.3564929693962,3080.0,mesaio
551.0985513651716,550.8779983457403,2631.0,mesaio
549.1044826233486,548.6997518610422,3170.0,mesaio
552.0871294561813,551.586435070306,3100.0,mesaio
551.7614492304682,551.5868486352357,2346.0,mesaio
550.1376047879472,549.5876757650951,3194.0,mesaio
549.536951856514,549.359387923904,2307.0,mesaio
551.0663765507421,550.8312655086849,2127.0,mesaio
552.5672335200187,552.4086021505376,2228.0,mesaio
553.377637941485,553.2030603804798,2252.0,mesaio
549.5112622849492,549.3908188585608,2017.0,mesaio
549.2534677131058,549.0789909015715,2254.0,mesaio
549.5731684623954,549.424317617866,2100.0,mesaio
549.5567993984745,549.4069478908189,2182.0,mesaio
550.1775704028282,549.9007444168734,2613.0,mesaio
552.1725453616076,552.020264681555,1963.0,mesaio
550.6256216966453,550.4015715467328,2254.0,mesaio
550.6848630977574,550.5306038047974,1973.0,mesaio
551.2213973981281,551.044665012407,2060.0,mesaio
550.1416224912938,549.9429280397022,2620.0,mesaio
550.3233217646524,550.0545905707196,2555.0,mesaio
548.0809142686944,547.8449131513647,2479.0,mesaio
549.4900971192226,549.2990074441688,2369.0,mesaio
550.5370503770682,550.4044665012407,1999.0,mesaio
549.785655277927,549.5545905707196,2824.0,mesaio
552.9185269421685,552.7096774193549,2318.0,mesaio
550.4432468384679,550.21629445823,2437.0,mesaio
551.0757826259986,550.898676592225,2211.0,mesaio
551.1151230237432,550.9474772539289,2189.0,mesaio
550.9107164073322,550.7506203473945,2194.0,mesaio
549.4127626732517,549.1952026468156,2426.0,mesaio
552.2042797588168,552.0355665839537,2309.0,mesaio
549.1816040647903,549.0215053763441,2260.0,mesaio
550.2741970092069,550.0624483043838,2504.0,mesaio
551.5562241545638,551.3916459884202,2259.0,mesaio
548.371076810719,548.2043010752689,2263.0,mesaio
550.4083103532073,550.1443341604632,2298.0,mesaio
551.8883265474291,551.7018196856907,2236.0,mesaio
551.8070693367908,551.5496277915632,2441.0,mesaio
548.4298608222585,548.2766749379653,2063.0,mesaio
550.3113604730272,550.1832092638545,2256.0,mesaio
550.4403237784787,550.2977667493797,2145.0,mesaio
550.8530259922609,550.7253928866832,2038.0,mesaio
549.6760452812154,549.5057899090157,2197.0,mesaio
550.6716532057321,550.494623655914,2308.0,mesaio
546.5268373590457,546.1290322580645,2993.0,mesaio
552.8960826084516,552.7646815550041,1920.0,mesaio
549.1101569206456,548.9561621174524,1999.0,mesaio
549.5536823579818,549.3449131513647,2151.0,mesaio
552.3033212316462,552.0231596360628,2526.0,mesaio
550.2941137814678,550.0260545905708,2481.0,mesaio
548.2038748679016,547.6612903225806,3268.0,mesaio
553.0043835465237,552.6604631927213,2938.0,mesaio
553.3462903452729,553.2287014061208,1761.0,mesaio
547.055206998089,546.7824648469809,2331.0,mesaio
552.3147728913392,552.0574855252274,2450.0,mesaio
552.0032523189692,551.7187758478082,2374.0,mesaio
549.0816620771867,548.8602150537635,2180.0,mesaio
552.016777969326,551.6720430107526,2530.0,mesaio
552.4397586446402,552.2245657568238,2283.0,mesaio
551.5375268347844,551.3854425144748,2048.0,mesaio
549.4628232441008,549.2832919768404,2151.0,mesaio
551.0502781196244,550.7911497105046,2350.0,mesaio
549.724387293407,549.5215053763441,2280.0,mesaio
552.0605622127912,551.7650951199338,2482.0,mesaio
548.8623266339337,548.6377171215881,2554.0,mesaio
551.8445537441726,551.5397022332506,2612.0,mesaio
554.0567943344993,553.9023986765923,2015.0,mesaio
549.7091399497115,549.5578990901572,1799.0,mesaio
548.1533715057628,547.9755996691481,2444.0,mesaio
556.7069173374931,556.5165425971877,2068.0,mesaio
559.8024805271061,559.1422663358147,3582.0,mesaio
529.27020075707,529.0926385442515,2102.0,mesaio
543.7000873149061,543.483870967742,2213.0,mesaio
553.165321613319,552.9615384615385,2046.0,mesaio
557.3023415680998,556.882547559967,2429.0,mesaio
554.034341994412,553.763440860215,2181.0,mesaio
553.4899605922648,553.1455748552522,2476.0,mesaio
554.1375731338235,553.8461538461538,2373.0,mesaio
548.0375512391812,547.6786600496278,2743.0,mesaio
554.4048571734993,554.1873449131514,2366.0,mesaio
550.7194140717818,550.2427626137304,2957.0,mesaio
549.0262645113095,548.7721257237387,2437.0,mesaio
553.3856886748225,553.0794044665013,2399.0,mesaio
552.8518393996202,552.4524400330852,2419.0,mesaio
550.6164234955168,550.3449131513647,2371.0,mesaio
552.2833275255523,552.0401157981803,2388.0,mesaio
553.175433264091,552.9408602150538,2386.0,mesaio
549.8355472614135,549.531017369727,2678.0,mesaio
551.1689112554257,550.929693961952,2600.0,mesaio
548.1356242126736,547.8949545078577,2270.0,mesaio
553.1831008000449,552.9003308519437,2460.0,mesaio
552.7211794686816,552.3639371381307,2608.0,mesaio
552.8955496599216,552.6484698097602,2433.0,mesaio
551.0211585813208,550.7390405293631,2455.0,mesaio
550.8853667914162,550.6426799007444,2537.0,mesaio
552.2688704730976,551.6538461538462,2736.0,mesaio
548.9421585039366,548.7092638544251,2597.0,mesaio
551.9830308404551,551.5690653432589,2918.0,mesaio
552.4002486779438,552.0380479735319,2830.0,mesaio
549.1293021575216,548.7456575682382,2411.0,mesaio
550.0847475876203,549.7894954507858,2470.0,mesaio
550.4204284510568,549.9822167080232,2861.0,mesaio
552.4071543574332,552.1116625310174,2532.0,mesaio
549.4927561687105,549.186517783292,2420.0,mesaio
552.7212741203091,552.4917287014061,2413.0,mesaio
548.8270928379171,548.6583953680728,2263.0,mesaio
549.7385253341439,549.5843672456575,2197.0,mesaio
551.445381415842,551.2444168734492,2407.0,mesaio
548.8066164262696,548.6889991728701,1981.0,mesaio
550.029045777892,549.8660049627791,2211.0,mesaio
551.2504422142049,551.0897435897435,2080.0,mesaio
551.6254914302809,551.429693961952,2332.0,mesaio
551.1883263759927,550.7696443341605,2653.0,mesaio
551.7628677250449,551.4921422663358,2719.0,mesaio
550.1991386988708,549.9441687344913,2375.0,mesaio
549.1200815278368,548.854011579818,2487.0,mesaio
551.6315937463964,551.4077750206783,2561.0,mesaio
548.2553425143557,548.1033912324235,2142.0,mesaio
548.2517183284738,548.0442514474772,2391.0,mesaio
551.7506917885692,551.4015715467328,2596.0,mesaio
550.8607814105828,550.5930521091811,2337.0,mesaio
549.8128044469587,549.5533498759305,2430.0,mesaio
549.1090256810274,548.8842018196857,2327.0,mesaio
550.0163769273943,549.5616211745244,2881.0,mesaio
550.8188621872655,550.5132340777502,2601.0,mesaio
548.103725550148,547.8354011579818,2358.0,mesaio
550.422989837757,550.1964433416047,2540.0,mesaio
550.5776558938454,550.2803970223325,2475.0,mesaio
551.4689811955371,551.2605459057072,2398.0,mesaio
553.0479639732176,552.8792390405293,2237.0,mesaio
549.6908981783452,549.294458229942,2886.0,mesaio
547.889751593096,547.4693961952026,2980.0,mesaio
549.8171972321422,549.5516956162118,2659.0,mesaio
551.1056211899821,550.6439205955335,3056.0,mesaio
549.3324074540287,548.9673283705541,2686.0,mesaio
552.6838615210086,552.5583126550869,2047.0,mesaio
550.33355627259,550.0082712985939,2887.0,mesaio
551.6334031737971,551.4536807278743,2348.0,mesaio
549.9391736422938,549.6844499586435,2440.0,mesaio
551.7522467286001,551.3945409429281,2476.0,mesaio
550.9872649051662,550.7204301075269,2511.0,mesaio
551.0779612312932,550.7828784119107,2486.0,mesaio
550.7388938486948,550.4896608767576,2231.0,mesaio
552.0060476047568,551.833746898263,2340.0,mesaio
552.1878684840059,552.0252274607113,2201.0,mesaio
551.3737944512866,551.0537634408602,2513.0,mesaio
550.9884114285309,550.4958643507031,2688.0,mesaio
551.5764440352375,551.1774193548387,2959.0,mesaio
551.1909220850035,550.8072787427626,2906.0,mesaio
549.2243315973244,548.8891645988421,2592.0,mesaio
549.650681986693,549.3982630272952,2432.0,mesaio
550.3040899337833,549.9313482216708,2833.0,mesaio
550.470823366687,550.0115798180315,3180.0,mesaio
552.7367806813191,552.2349048800662,3169.0,mesaio
552.6383523334313,552.3254755996692,2402.0,mesaio
549.6874478488486,549.1149710504549,3086.0,mesaio
550.2173876726093,549.8602150537635,2930.0,mesaio
550.4906342335222,549.8457402812242,3348.0,mesaio
546.8770897395971,546.4520264681555,2486.0,mesaio
548.3327425259727,547.9826302729529,2407.0,mesaio
551.0223459386549,550.6786600496278,2843.0,mesaio
554.4304691855331,554.3205128205128,1798.0,mesaio
548.7301077786744,548.3606286186931,2911.0,mesaio
550.9822828487628,550.145988420182,2937.0,mesaio
549.6436043577824,549.3019023986766,2669.0,mesaio
552.1271973928741,551.6414392059553,2498.0,mesaio
549.3466289837845,548.9503722084368,2589.0,mesaio
552.3487561946797,552.1526054590571,2123.0,mesaio
551.3990694856233,551.0479735318445,2386.0,mesaio
550.9911356785702,550.6294458229942,2481.0,mesaio
548.5801814387104,548.13523573201,2445.0,mesaio
553.9883902000355,553.8759305210918,1943.0,mesaio
549.9778339769749,549.4334160463193,2493.0,mesaio
549.0194213887472,548.6509511993384,2419.0,mesaio
549.8530283365593,549.6282051282051,2418.0,mesaio
556.5780031716646,556.2746071133168,2521.0,mesaio
550.8528626993655,550.4602977667494,2536.0,mesaio
550.4778505418162,550.2899090157155,2013.0,mesaio
550.5965934943446,550.5822994210091,937.0,mikro
547.6455847697334,547.5665839536807,1193.0,mikro
548.249172068033,548.1960297766749,928.0,mikro
551.5787095124572,551.5525227460711,881.0,mikro
550.8503768875189,550.843258891646,898.0,mikro
549.5003606932256,549.4958643507031,916.0,mikro
548.5959897473867,548.5723738626964,989.0,mikro
551.0014313381063,550.9437551695617,1304.0,mikro
550.6873579177106,550.5744416873449,1426.0,mikro
550.2327479558782,550.1836228287841,1238.0,mikro
548.081173840408,548.016129032258,1386.0,mikro
551.2472173386964,551.1952026468156,1284.0,mikro
549.2196042543187,549.1637717121588,1423.0,mikro
550.1515814879843,550.1182795698925,1172.0,mikro
550.5395815488145,550.5115798180315,1120.0,mikro
549.35678495056,549.3221670802316,1292.0,mikro
548.7834779077109,548.7175351530191,1358.0,mikro
551.0332189206124,550.979735318445,1319.0,mikro
549.2508805424666,549.208023159636,1301.0,mikro
551.534749045304,551.4917287014061,1301.0,mikro
550.0491206728896,549.9863523573201,1407.0,mikro
550.6751683394132,550.6166253101737,1399.0,mikro
549.2020017349513,549.1530190239868,1283.0,mikro
550.5320927923962,550.4809760132341,1453.0,mikro
549.564371054179,549.489247311828,1503.0,mikro
550.957511508083,550.8990901571547,1408.0,mikro
550.1098845039503,550.0430107526881,1420.0,mikro
549.4362781420854,549.382547559967,1277.0,mikro
549.8805242816702,549.8101736972704,1428.0,mikro
550.8650111832351,550.8196856906534,1329.0,mikro
550.8879853235708,550.8196856906534,1525.0,mikro
549.8033162120644,549.7179487179487,1585.0,mikro
550.9173633801897,550.8444995864351,1480.0,mikro
548.460389266061,548.3626964433416,1387.0,mikro
551.3105714149204,551.1583953680728,1404.0,mikro
548.5629372391919,548.4110835401158,1645.0,mikro
550.0382541775856,549.9784946236559,1339.0,mikro
550.494687674624,550.4425144747726,1368.0,mikro
551.0710479008801,551.0169561621175,1359.0,mikro
549.7260743532377,549.6790736145575,1271.0,mikro
551.3732236532588,551.3225806451613,1283.0,mikro
549.3391412800169,549.2787427626138,1436.0,mikro
551.5641571363676,551.4346567411084,1569.0,mikro
550.3927629869302,550.3382961124896,1374.0,mikro
550.0628312107353,549.9909015715467,1480.0,mikro
548.4950268309002,548.3999172870141,1629.0,mikro
550.490160935701,550.4354838709677,1425.0,mikro
549.0989698224262,549.0450785773367,1377.0,mikro
550.8228501446921,550.7609594706369,1395.0,mikro
548.5105571139982,548.449958643507,1329.0,mikro
549.3638632634284,549.291976840364,1508.0,mikro
548.7440313965911,548.677005789909,1431.0,mikro
551.5599473465746,551.5153019023987,1444.0,mikro
549.02093058162,548.9375516956162,1555.0,mikro
548.946772215868,548.8672456575682,1568.0,mikro
550.1751307760105,550.0996691480563,1509.0,mikro
549.3384418904498,549.2812241521918,1497.0,mikro
549.7189984473239,549.6315136476427,1631.0,mikro
550.0256126076315,549.9545078577337,1419.0,mikro
549.7848748393781,549.7196029776675,1432.0,mikro
548.9709385731175,548.9168734491315,1381.0,mikro
549.3158859112622,549.2295285359802,1805.0,mikro
549.8160320944236,549.7551695616212,1537.0,mikro
548.9389178076838,548.8469809760132,1529.0,mikro
549.2194472528215,549.0657568238213,1898.0,mikro
549.3829906256209,549.29735318445,1656.0,mikro
549.6890571526322,549.586435070306,1793.0,mikro
549.802347370875,549.686517783292,1928.0,mikro
550.9912955528614,550.8105872622002,2021.0,mikro
549.9375413817546,549.8196856906534,1920.0,mikro
549.554262947622,549.3941273779983,2089.0,mikro
549.2901223800146,549.0380479735319,2227.0,mikro
551.5148530800484,551.3808933002481,1887.0,mikro
550.689806164714,550.5934656741108,1793.0,mikro
549.8977862010514,549.7803970223325,1980.0,mikro
548.6570581074152,548.5409429280397,1824.0,mikro
549.0659585141001,548.9619520264681,1771.0,mikro
548.7747156945261,548.6827956989247,1909.0,mikro
549.9083546475415,549.7394540942928,2004.0,mikro
550.4572522165398,550.3668320926386,1751.0,mikro
552.0202347168148,551.8746898263028,2021.0,mikro
549.2993522016912,549.1836228287841,1793.0,mikro
550.7607285075529,550.66211745244,1759.0,mikro
548.5673890364878,548.5062034739454,1503.0,mikro
549.0309679080812,548.935070306038,1887.0,mikro
549.8098502039654,549.7051282051282,1715.0,mikro
549.5622063908096,549.4855252274607,1690.0,mikro
549.2236173780731,549.1708023159636,1433.0,mikro
550.6035473331194,550.5012406947891,1651.0,mikro
549.5764524508877,549.5086848635236,1590.0,mikro
548.319435238603,548.1947890818858,1803.0,mikro
550.9666390864965,550.8668320926386,1895.0,mikro
549.3615141243447,549.2253928866832,1810.0,mikro
548.778382019895,548.6976840363938,1772.0,mikro
548.7209727678859,548.5942928039702,2115.0,mikro
550.3390063578461,550.2229114971051,1934.0,mikro
549.5166027441578,549.3535980148883,2100.0,mikro
549.0512246701832,548.9305210918114,1953.0,mikro
550.3603988767527,550.2650951199338,1719.0,mikro
550.8157121197149,550.741935483871,1805.0,mikro
551.1594298581746,551.0537634408602,1789.0,mikro
550.2159475301129,550.0157154673284,2115.0,mikro
550.1474308003371,550.0409429280397,1853.0,mikro
548.753854477552,548.6422663358147,1724.0,mikro
550.669720830196,550.550041356493,1776.0,mikro
549.6247351260364,549.5082712985939,1878.0,mikro
551.5004253755501,551.3734491315137,1889.0,mikro
549.8860292472344,549.7899090157155,1879.0,mikro
549.3499444395608,549.2233250620347,1761.0,mikro
550.4694793016956,550.2795698924731,1926.0,mikro
551.0905317582116,550.9693961952026,1921.0,mikro
549.9872988983883,549.7047146401985,2141.0,mikro
550.4791645351005,550.322994210091,2147.0,mikro
551.2783174513368,551.0835401157982,1997.0,mikro
548.3147728788225,548.0570719602978,2053.0,mikro
549.8312121636179,549.6720430107526,2125.0,mikro
549.864101565323,549.7113316790736,2150.0,mikro
550.1752469131663,550.0347394540943,1920.0,mikro
550.0385011714044,549.9036393713814,2146.0,mikro
551.4264729652075,551.3056244830439,2074.0,mikro
550.2694117959971,550.1501240694789,1912.0,mikro
550.6290233359938,550.5041356492969,1945.0,mikro
550.6264122097615,550.5293631100083,1745.0,mikro
550.1568976901916,550.044665012407,1953.0,mikro
550.8246059179801,550.6869313482217,1920.0,mikro
550.9180112202256,550.833746898263,1651.0,mikro
547.9691640180497,547.8664185277089,1584.0,mikro
548.6059002869101,548.4751861042183,2008.0,mikro
550.7050319890536,550.5144747725393,2256.0,mikro
550.7118609249676,550.5777502067824,2049.0,mikro
552.3917534657262,552.1703887510339,2230.0,mikro
548.9252202585499,548.7435897435897,2249.0,mikro
548.73232509015,548.5674110835402,2058.0,mikro
550.9864606485639,550.8382961124896,1934.0,mikro
549.2758677642671,549.1592224979322,1782.0,mikro
551.2066630219572,551.0343258891646,1872.0,mikro
548.7624086446148,548.631100082713,1905.0,mikro
550.3629428839821,550.2646815550041,1862.0,mikro
549.2659256425436,549.1538461538462,1712.0,mikro
550.4019224724537,550.3076923076923,1798.0,mikro
551.5532301365943,551.45947063689,1879.0,mikro
549.3278380116536,549.1968569065343,1874.0,mikro
550.1376562826936,550.0239867659222,1702.0,mikro
549.1351170319112,549.0483870967741,1692.0,mikro
549.4289105894986,549.3279569892474,1653.0,mikro
550.9134842062151,550.7506203473945,1901.0,mikro
550.0128301383439,549.9007444168734,1924.0,mikro
549.0053371462374,548.91894127378,1751.0,mikro
550.0389413990774,549.9379652605459,1605.0,mikro
548.5246288031553,548.3858560794044,1786.0,mikro
548.2249995431342,548.1149710504549,1904.0,mikro
549.9651319874607,549.828370554177,1669.0,mikro
550.7323750092913,550.616211745244,1927.0,mikro
549.310299191043,549.1935483870968,1957.0,mikro
551.1075745498514,551.0260545905708,1568.0,mikro
548.5277026842638,548.4172870140612,1814.0,mikro
548.7912697316386,548.6881720430108,1704.0,mikro
550.642091924967,550.58105872622,1528.0,mikro
549.0858878550075,548.979735318445,1857.0,mikro
549.3250648584319,549.2212572373862,1727.0,mikro
550.9422164702615,550.7965260545906,1899.0,mikro
550.925237249915,550.8188585607941,1683.0,mikro
548.33202940807,548.2022332506203,1776.0,mikro
548.898748989149,548.8093465674111,1681.0,mikro
549.722667126514,549.6492969396195,1521.0,mikro
550.5506101703769,550.4747725392887,1667.0,mikro
547.6774176131794,547.5885028949546,1654.0,mikro
549.6567054048609,549.5591397849462,1635.0,mikro
551.5242601300448,551.4181141439205,1794.0,mikro
550.8716740978863,550.7956989247311,1801.0,mikro
550.1828194538313,550.0942928039702,1740.0,mikro
548.789203754187,548.6910669975186,1777.0,mikro
550.6149686236804,550.5293631100083,1726.0,mikro
548.9464667206285,548.8155500413565,1813.0,mikro
547.9567328345609,547.8854425144748,1681.0,mikro
551.2958739298491,551.210918114144,1951.0,mikro
549.2091132929874,549.1033912324235,1913.0,mikro
549.0658462849956,548.9842845326716,1608.0,mikro
552.2514126996726,552.1224152191894,1858.0,mikro
550.4897777895478,550.3916459884202,1812.0,mikro
548.3107327383469,548.1418527708851,2063.0,mikro
549.7585950401437,549.6691480562448,1754.0,mikro
549.2917008493772,549.1832092638545,1751.0,mikro
549.6171315699106,549.4933829611249,2038.0,mikro
549.186649522031,549.0934656741108,1693.0,mikro
549.0084347011762,548.9222497932176,1660.0,mikro
550.5116227045866,550.4239040529363,1575.0,mikro
548.2616750701284,548.1240694789082,2113.0,mikro
550.4502386778898,550.3238213399504,1724.0,mikro
549.4868449780852,549.3833746898263,1793.0,mikro
551.3603175346055,551.2667493796527,1666.0,mikro
550.6948918749275,550.6248966087676,1605.0,mikro
549.7263609836241,549.6468155500413,1540.0,mikro
550.4157756229291,550.3325062034739,1641.0,mikro
549.9945954317511,549.9102564102565,1617.0,mikro
548.9176974230759,548.8014888337469,1985.0,mikro
551.1850234789829,551.0798180314309,1691.0,mikro
553.1442790680151,553.0516956162118,1640.0,mikro
549.2666266303273,549.1778329197684,1669.0,mikro
549.944990481622,549.8341604631927,1704.0,mikro
550.1667023101743,550.0612076095947,1778.0,mikro
548.4907131832812,548.3023159636062,2162.0,mikro
550.7326873987017,550.6153846153846,1899.0,mikro
551.6915798302373,551.5901571546733,1816.0,mikro
550.7212437680872,550.6145574855252,1655.0,mikro
550.8917832240933,550.8147229114971,1633.0,mikro
549.0021081224656,548.8598014888338,2064.0,mikro
547.7634864203872,547.6517783291977,1884.0,mikro
550.6765468244475,550.5839536807279,1781.0,mikro
549.3144189368633,549.1695616211746,2080.0,mikro
551.0867738757458,550.9987593052109,1686.0,mikro
550.0423335087748,549.8904052936311,2138.0,mikro
549.8150140072491,549.7233250620347,1779.0,mikro
549.4732152792769,549.3842018196857,1589.0,mikro
548.7650625534019,548.617452440033,2019.0,mikro
550.0481609111638,549.9346567411084,1858.0,mikro
551.3877555670305,551.2775020678247,1527.0,mikro
548.8938986665664,548.7899090157155,1880.0,mikro
551.3111017698236,551.2204301075269,1686.0,mikro
550.3384187056099,550.2071960297767,1684.0,mikro
549.8203248136284,549.6881720430108,1851.0,mikro
550.6313332692146,550.5153019023987,1860.0,mikro
551.6979651473489,551.6017369727048,1632.0,mikro
549.5347219875875,549.4677419354839,1469.0,mikro
549.2445898871146,549.1464019851117,1581.0,mikro
550.6044651912141,550.5062034739454,1576.0,mikro
550.0499778029799,549.7241521918942,2054.0,mikro
549.9845734358098,549.9127377998345,1446.0,mikro
550.2405177538259,550.1832092638545,1521.0,mikro
551.6541907335121,551.536393713813,1700.0,mikro
548.944355370953,548.8515301902398,1699.0,mikro
552.0034175191795,551.8763440860215,1872.0,mikro
550.6098187070183,550.5016542597187,1626.0,mikro
549.5605346312199,549.4875930521092,1882.0,mikro
549.1534055062905,549.0450785773367,1922.0,mikro
549.9957590632796,549.8693134822167,2032.0,mikro
550.504817202757,550.3850289495451,1884.0,mikro
551.701681760685,551.5587262200165,2057.0,mikro
549.635629360065,549.5136476426799,1944.0,mikro
549.2278665359694,549.126964433416,1687.0,mikro
549.8177790478902,549.7018196856907,1892.0,mikro
550.1401900437797,550.005376344086,1954.0,mikro
550.3573156940546,550.2369727047146,1787.0,mikro
549.5712472748784,549.4656741108354,1789.0,mikro
549.8812316309017,549.7799834574029,1778.0,mikro
549.2565296092938,549.1885856079405,1574.0,mikro
550.3030347976712,550.2448304383788,1727.0,mikro
547.9989615586087,547.8949545078577,1885.0,mikro
549.1719354836985,549.1133167907361,1400.0,mikro
550.09916543421,550.0124069478908,1707.0,mikro
550.1362974963515,550.031017369727,1511.0,mikro
550.5861362817575,550.4937965260546,1718.0,mikro
549.8915928202805,549.813482216708,1634.0,mikro
549.1411182400526,549.0760959470637,1571.0,mikro
549.5968008522526,549.5334987593052,1457.0,mikro
549.3739383627438,549.2923904052936,1549.0,mikro
550.0884856259008,550.0268817204301,1581.0,mikro
550.7746709984034,550.7001654259719,1583.0,mikro
548.6113249433331,548.510752688172,1637.0,mikro
550.1008543518575,550.0467328370554,1414.0,mikro
547.7834639025369,547.6927212572374,1731.0,mikro
550.0848393097003,549.9813895781638,1728.0,mikro
549.6017397842393,549.5041356492969,1713.0,mikro
549.3849933951071,549.2928039702233,1824.0,mikro
548.965221402364,548.6943755169561,2115.0,mikro
551.2514831581285,551.0818858560795,1984.0,mikro
551.2415901727169,551.0078577336642,1863.0,mikro
550.022433560082,549.9007444168734,1785.0,mikro
549.6232844012312,549.4933829611249,1933.0,mikro
549.1596241567385,548.9288668320927,2131.0,mikro
549.6068991467844,549.4871794871794,1813.0,mikro
550.3751374988158,550.267576509512,1774.0,mikro
549.5933480507845,549.4842845326716,1937.0,mikro
547.4903223062705,547.1112489660877,2448.0,mikro
549.6026672164304,549.5235732009926,1637.0,mikro
550.461187948389,550.085194375517,2357.0,mikro
549.8617049231042,549.7663358147229,1725.0,mikro
551.2780297523889,551.156741108354,1771.0,mikro
550.2553475226333,550.1658395368073,1763.0,mikro
549.4305240377685,549.313482216708,1790.0,mikro
549.7071191766113,549.5843672456575,1884.0,mikro
552.1038339905191,551.9197684036394,2235.0,mikro
549.2766417732362,549.1592224979322,1962.0,mikro
551.7270654553723,551.4478908188586,2381.0,mikro
547.0347973199769,546.9057071960298,1853.0,mikro
550.2193911631166,550.131100082713,1842.0,mikro
550.214005286037,550.095947063689,1958.0,mikro
548.7803316057528,548.6761786600496,1836.0,mikro
548.8566324439083,548.767576509512,1815.0,mikro
549.0664771026507,549.0028949545078,1507.0,mikro
553.786840174722,553.686517783292,1880.0,mikro
550.1373796393286,550.0314309346568,1788.0,mikro
549.085793329899,548.9586435070306,2030.0,mikro
549.2447898007248,549.1277915632754,1904.0,mikro
550.0398429060563,549.9222497932176,1913.0,mikro
549.9169160495843,549.8196856906534,1731.0,mikro
548.4373394490043,548.313482216708,1782.0,mikro
549.2815109272154,549.1385442514475,1962.0,mikro
548.5531401422901,548.4292803970224,1976.0,mikro
548.7381871301544,548.6385442514475,1713.0,mikro
550.199376600501,550.0157154673284,2148.0,mikro
550.2379201919878,550.1021505376344,1844.0,mikro
550.5048825612164,550.4098428453267,1744.0,mikro
550.0514484546547,549.9540942928039,1869.0,mikro
551.2227310016071,551.0988420181968,1929.0,mikro
550.4073722564435,550.2861869313482,1873.0,mikro
549.3422279187081,549.2597187758478,1779.0,mikro
548.0278643607442,547.9197684036394,1812.0,mikro
551.033845234464,550.7775020678247,2130.0,mikro
550.268788369915,550.1571546732837,2058.0,mikro
547.6927460593407,547.5748552522746,1911.0,mikro
548.7317473992231,548.5992555831266,2020.0,mikro
549.5210565992794,549.3891645988421,2129.0,mikro
550.0795254184004,549.9615384615385,1850.0,mikro
547.9059089195421,547.8163771712159,1870.0,mikro
550.4813038056213,550.3961952026468,1869.0,mikro
551.1924422141614,551.0760959470637,1934.0,mikro
548.174269908977,548.0740281224153,1756.0,mikro
548.9817572649933,548.8589743589744,2053.0,mikro
551.7045531609239,551.5682382133995,1993.0,mikro
549.104601623018,549.0190239867659,1761.0,mikro
549.0259963471788,548.8928866832092,2018.0,mikro
550.2819181226454,550.1645988420182,1829.0,mikro
549.448836926907,549.3643507030604,1729.0,mikro
549.8585343295316,549.727047146402,1989.0,mikro
550.3647125231923,550.2671629445823,1873.0,mikro
549.0968368405411,548.9648469809761,2066.0,mikro
549.1735395205344,549.0827129859388,1777.0,mikro
550.4355001884047,550.3440860215054,1722.0,mikro
551.3055138889273,551.1683209263855,2147.0,mikro
550.4339787201494,550.3382961124896,1766.0,mikro
549.2671958528318,549.0893300248139,1914.0,mikro
551.3204012763573,551.1964433416047,1803.0,mikro
549.2960059481023,549.2047146401985,1709.0,mikro
550.6098630221196,550.4983457402813,1843.0,mikro
550.4795818719338,550.3465674110836,1839.0,mikro
552.5723363790014,552.4110835401158,2163.0,mikro
546.9243267486031,546.83788254756,1599.0,mikro
550.2370851514196,550.1302729528536,1710.0,mikro
550.3505469841533,550.2100909842845,2197.0,mikro
550.1497344865903,550.0306038047974,1910.0,mikro
548.4981532805666,548.3895781637717,1830.0,mikro
550.2406545463837,550.1327543424318,1768.0,mikro
550.3057605618234,550.210918114144,1751.0,mikro
549.5689099338883,549.4598842018197,1808.0,mikro
551.3017184635021,551.1687344913151,2108.0,mikro
547.8997915267025,547.7994210090984,1849.0,mikro
551.1099661492993,550.6430934656742,2182.0,mikro
552.1616453813801,552.0194375516957,1936.0,mikro
549.8260071428838,549.6447477253929,1937.0,mikro
550.3964260480365,550.2059553349876,2133.0,mikro
550.8996210500768,550.6679073614557,2146.0,mikro
550.449141747856,550.3469809760132,1816.0,mikro
549.8123501226528,549.6484698097602,2034.0,mikro
548.9879676899312,548.6670802315964,2606.0,mikro
547.7005073398063,547.2071960297767,2540.0,mikro
550.8889935452186,550.7659222497932,1670.0,mikro
550.7796714519319,550.7022332506203,1708.0,mikro
549.7736488134857,549.6356492969396,2190.0,mikro
551.243100033903,551.1282051282051,1862.0,mikro
550.1297617435333,549.968982630273,1973.0,mikro
551.7661439276433,551.6674937965261,1735.0,mikro
551.2316703756641,550.6869313482217,2696.0,mikro
549.2814262237306,549.1827956989247,1667.0,mikro
552.5949843312217,552.2770885028949,2076.0,mikro
550.06745770238,549.8507030603805,2068.0,mikro
549.9870022526128,549.7828784119107,2006.0,mikro
551.6271633044238,551.5124069478908,1888.0,mikro
550.519752535888,550.4073614557485,2074.0,mikro
548.7546220632059,548.6368899917287,1914.0,mikro
549.2833969880962,549.0947063688999,2035.0,mikro
550.4928207890465,550.3151364764268,2225.0,mikro
546.999329374191,546.4565756823821,2741.0,mikro
549.9972170769506,549.8552522746071,1886.0,mikro
552.4505217581948,552.2076095947064,2280.0,mikro
552.3456418069754,551.5351530190239,2563.0,mikro
548.3723102541124,548.1410256410256,2081.0,mikro
550.9597791549622,550.8585607940447,1858.0,mikro
549.1408041921344,549.0264681555004,1862.0,mikro
550.2444557875132,550.1182795698925,1895.0,mikro
550.1193020470179,550.0132340777502,1924.0,mikro
549.7033638743318,549.5897435897435,1662.0,mikro
550.038822977492,549.9127377998345,1824.0,mikro
550.0365646917777,549.9669148056245,1583.0,mikro
549.3561168253847,549.1720430107526,1977.0,mikro
550.6388717482916,550.5541770057899,1646.0,mikro
550.4424594432935,550.2775020678247,2028.0,mikro
549.1896583245057,549.0442514474772,1811.0,mikro
550.2498165639118,550.1393713813069,1900.0,mikro
551.8973177113108,551.7427626137304,1954.0,mikro
550.5350363988922,550.4011579818032,1894.0,mikro
551.1232345725324,551.0198511166253,1672.0,mikro
551.6077107727499,551.4776674937965,1893.0,mikro
546.5865684021617,546.458229942101,1865.0,mikro
550.7324065486149,550.5632754342432,1996.0,mikro
549.8725241398867,549.736559139785,1981.0,mikro
549.4167916990043,549.293217535153,1907.0,mikro
550.6001590564781,550.4110835401158,2191.0,mikro
549.0062844183589,548.8746898263028,1939.0,mikro
548.8509875497409,548.732423490488,1773.0,mikro
549.9224996152881,549.7464846980976,1937.0,mikro
554.5563648418441,554.3970223325063,2086.0,mikro
549.0528976039063,548.9205955334987,1749.0,mikro
549.1290765954884,549.0215053763441,1630.0,mikro
550.2396101869559,550.1058726220017,1992.0,mikro
549.2449652427408,549.1335814722911,1630.0,mikro
550.362612250123,550.2497932175352,1727.0,mikro
548.8570713590293,548.6339950372209,2181.0,mikro
550.4122892632786,550.3217535153019,1871.0,mikro
549.78771751094,549.645988420182,1690.0,mikro
547.990347173683,547.8887510339123,1691.0,mikro
549.8615710447748,549.7828784119107,1731.0,mikro
547.6946587341849,547.5475599669148,1982.0,mikro
552.1398687440901,552.0434243176179,1718.0,mikro
549.0796205414675,548.983870967742,1690.0,mikro
549.8529493621452,549.7514474772539,1694.0,mikro
548.7531501969867,548.5740281224153,1983.0,mikro
550.5146069871384,550.424317617866,1670.0,mikro
549.7080065572251,549.5955334987593,1735.0,mikro
551.7577742444649,551.5578990901572,2208.0,mikro
549.2582015412221,549.1592224979322,1735.0,mikro
551.4009869297449,551.3130686517783,1747.0,mikro
550.1140805817097,549.9532671629446,1936.0,mikro
548.0899414819439,547.9909015715467,1739.0,mikro
550.1185389967246,550.0322580645161,1788.0,mikro
548.4469402952961,548.3581472291149,1714.0,mikro
550.5616209185429,550.4706368899917,1612.0,mikro
550.2605323231795,550.117452440033,1947.0,mikro
548.4776819310969,548.3631100082713,1803.0,mikro
550.0446895145818,549.9156327543425,1847.0,mikro
550.0557938464843,549.9305210918114,1909.0,mikro
549.5209708038306,549.2030603804798,2628.0,mikro
549.2360247818001,549.0504549214227,2225.0,mikro
550.703349430176,550.5818858560795,1926.0,mikro
550.6233643154137,550.4880066170389,2091.0,mikro
550.7174912507878,550.531017369727,2132.0,mikro
548.0214291119665,547.8556658395368,2212.0,mikro
551.5173786393985,551.3643507030604,2090.0,mikro
552.1705762956917,552.0028949545078,2257.0,mikro
550.7843118201798,550.6393713813069,2039.0,mikro
550.4503739156879,550.2179487179487,2265.0,mikro
552.1538685375145,552.0442514474772,1765.0,mikro
550.2873491791963,550.1765922249793,1919.0,mikro
551.0206575938147,550.908188585608,1816.0,mikro
552.163402889478,552.025641025641,2084.0,mikro
551.062233128719,550.966087675765,1843.0,mikro
547.4389100302003,547.3031430934657,2144.0,mikro
549.3641346502637,549.2196029776675,2131.0,mikro
550.4412749674196,550.3085194375517,1818.0,mikro
551.8087758859474,551.6811414392059,1917.0,mikro
549.6740311578883,549.536393713813,1904.0,mikro
550.4591473968378,550.3457402812242,1815.0,mikro
551.1623731156378,551.0740281224153,1929.0,mikro
550.6513775698016,550.5591397849462,1784.0,mikro
549.8668750084845,549.7663358147229,1951.0,mikro
551.362734665513,551.2481389578164,1964.0,mikro
552.762461753005,552.6319272125724,2036.0,mikro
548.8034521711494,548.6848635235732,2155.0,mikro
550.0906331820605,549.9950372208436,1908.0,mikro
547.532770924017,547.4057071960298,2095.0,mikro
550.4152459080686,550.2903225806451,1899.0,mikro
550.0503059932267,549.929693961952,1886.0,mikro
549.5036263014513,549.3420181968569,2129.0,mikro
549.2641016395263,549.1617038875104,1607.0,mikro
549.6141886908092,549.485111662531,1862.0,mikro
548.2721419191677,548.1530190239868,1998.0,mikro
549.4091239163348,549.2349048800662,2251.0,mikro
550.3707687040055,550.2584780810587,1908.0,mikro
551.0937462939505,550.9507857733664,2204.0,mikro
548.4487055598481,548.2985938792391,2090.0,mikro
549.753783146935,549.6199338296112,1814.0,mikro
549.1467571394351,549.0384615384615,2026.0,mikro
551.1242191013439,550.71629445823,2309.0,mikro
549.6802544516175,549.5541770057899,1779.0,mikro
547.525280319472,547.3759305210918,2192.0,mikro
548.8543353862582,548.6637717121588,2413.0,mikro
550.6237725299403,550.3643507030604,2358.0,mikro
549.9383373960804,549.7820512820513,2197.0,mikro
549.3095847071273,549.1736972704715,1973.0,mikro
547.298028433515,547.1178660049628,1995.0,mikro
549.2701432263251,549.0955334987593,2066.0,mikro
551.1181805802524,550.7700578990901,2716.0,mikro
549.9748576853505,549.8560794044665,1949.0,mikro
548.4462450464418,548.2696443341605,2198.0,mikro
548.3026320029596,548.1253101736972,2257.0,mikro
550.1739378317674,550.020264681555,2125.0,mikro
546.7420954538563,546.6087675765095,2049.0,mikro
549.827175644241,549.6451612903226,2315.0,mikro
551.9147087551493,551.6894127377998,2573.0,mikro
547.9390199297922,547.7510339123243,2197.0,mikro
551.2977264684336,551.2435897435897,1357.0,mikro
550.2877313389789,550.2820512820513,911.0,mpounia
549.4559546986875,549.4483043837882,821.0,mpounia
550.1268024367703,550.1166253101737,823.0,mpounia
549.9330081766476,549.9239040529363,905.0,mpounia
548.3223831811317,548.3101736972704,859.0,mpounia
548.6358403894167,547.9586435070306,2403.0,mpounia
554.5020624135168,553.2733664185278,2559.0,mpounia
548.0933633858315,544.3498759305211,3485.0,mpounia
549.6946960737806,548.5665839536807,3370.0,mpounia
547.7366003606933,546.5496277915632,3672.0,mpounia
549.4916814115084,549.0078577336642,2606.0,mpounia
551.3906979807382,550.7291149710504,2779.0,mpounia
556.0695162164329,555.1083540115798,3242.0,mpounia
549.6865890249153,549.1774193548387,3003.0,mpounia
553.5275480811214,552.9267990074442,2958.0,mpounia
550.5404236425479,549.3734491315137,4477.0,mpounia
548.1664217843679,546.5963606286186,3334.0,mpounia
553.9358590102611,552.8225806451613,3768.0,mpounia
548.3194461750954,547.1645988420182,3662.0,mpounia
546.5771717076439,545.0719602977667,4394.0,mpounia
549.950153767999,549.3097601323408,3484.0,mpounia
548.7171941353623,546.3995037220843,5453.0,mpounia
548.0996000996952,545.7605459057072,5056.0,mpounia
555.6668573232918,554.0558312655087,3999.0,mpounia
550.8010393474549,549.1042183622828,4023.0,mpounia
557.9302866081391,554.1220016542597,6951.0,mpounia
546.5775076579577,545.5880893300248,3277.0,mpounia
551.7699541470349,551.237799834574,2843.0,mpounia
555.9001537830451,554.4722911497105,3736.0,mpounia
550.1384429865021,549.5272952853599,2929.0,mpounia
555.0318063300949,550.4003308519437,5447.0,mpounia
557.3837551791713,555.4685690653432,5374.0,mpounia
546.2883259509634,544.0434243176179,5061.0,mpounia
551.8621900054858,547.2150537634409,5787.0,mpounia
548.642456880747,548.0169561621175,2916.0,mpounia
547.3131642413337,545.908188585608,3468.0,mpounia
556.5866391958652,550.5976013234077,6267.0,mpounia
539.3262166723165,538.2808105872622,4214.0,mpounia
553.6718323449147,551.848635235732,4091.0,mpounia
554.8755998854352,553.3854425144748,4345.0,mpounia
546.6166228934961,542.5239867659222,5719.0,mpounia
546.7239755663337,545.3444995864351,4660.0,mpounia
559.7430973112514,558.0736145574855,4500.0,mpounia
548.9125745278319,545.5835401157982,5491.0,mpounia
555.6143117674887,553.935070306038,4085.0,mpounia
552.9831811878117,552.0843672456575,3093.0,mpounia
550.7649654311738,548.2803970223325,5392.0,mpounia
546.1632841191071,545.0442514474772,3142.0,mpounia
552.7022884751706,551.908188585608,3293.0,mpounia
558.0471514507973,553.7903225806451,5201.0,mpounia
552.5116603495053,550.71629445823,3770.0,mpounia
549.2296737170299,548.2204301075269,3670.0,mpounia
557.7218772001797,556.3813068651779,4153.0,mpounia
547.1763600363508,545.4735318444996,4963.0,mpounia
551.7487410803087,545.3854425144748,5759.0,mpounia
548.0228218186518,546.6956162117452,4003.0,mpounia
550.6161452149595,547.5397022332506,6207.0,mpounia
557.050964163009,555.4458229942101,4569.0,mpounia
556.1262375212605,548.0264681555004,9739.0,mpounia
549.2316887169011,548.2882547559967,3721.0,mpounia
553.0563705887499,550.7650951199338,4240.0,mpounia
542.941725345905,539.9412737799835,5238.0,mpounia
550.0570216324362,549.0049627791564,3920.0,mpounia
552.9031948976599,550.712158808933,3839.0,mpounia
556.8135991530914,555.370140612076,3792.0,mpounia
545.1397677830225,542.6691480562448,4544.0,mpounia
555.744157550737,553.7770885028949,4774.0,mpounia
547.9853144748189,545.686517783292,4055.0,mpounia
549.9658704351635,549.0839536807279,3006.0,mpounia
553.6776910127655,549.6588089330024,6554.0,mpounia
547.1960785560299,545.2969396195202,4343.0,mpounia
554.0246450102584,552.2849462365591,3640.0,mpounia
556.5825725349544,554.41894127378,4942.0,mpounia
551.565450171595,550.5897435897435,3605.0,mpounia
553.1989857781782,552.3800661703888,3156.0,mpounia
552.037667961739,550.3660049627791,4684.0,mpounia
555.6460695357889,554.559553349876,3399.0,mpounia
552.0888797105795,551.3833746898263,3059.0,mpounia
561.4733395280912,557.2820512820513,5602.0,mpounia
558.6035691590718,556.8713813068651,5360.0,mpounia
554.8400789723809,553.0334987593052,3984.0,mpounia
562.221804747614,557.3999172870141,6245.0,mpounia
555.0578472673534,552.4644334160463,3910.0,mpounia
552.9366566222203,550.7990074441688,3179.0,mpounia
548.3933518959172,544.913564929694,5828.0,mpounia
551.133249369691,549.0818858560795,4128.0,mpounia
555.6742184548584,554.0066170388751,4178.0,mpounia
554.2760817251086,550.208023159636,5285.0,mpounia
549.627267113216,547.6414392059553,4028.0,mpounia
566.2465807754319,561.4143920595534,4590.0,mpounia
553.7574029961455,550.2357320099255,4155.0,mpounia
550.7623076430201,549.666253101737,2754.0,mpounia
553.9260094875181,552.4276261373036,3691.0,mpounia
549.2703996007656,547.752688172043,4262.0,mpounia
554.4474704772405,553.0438378825476,3712.0,mpounia
558.0157467442631,554.8118279569892,5985.0,mpounia
546.2274780861699,545.0698924731183,3599.0,mpounia
546.624730835176,545.1761786600496,3002.0,mpounia
558.0317487284361,555.4069478908189,4538.0,mpounia
546.2935862538878,543.3076923076923,4426.0,mpounia
552.8124422990393,550.4044665012407,4901.0,mpounia
552.3629577147781,550.7799834574029,4466.0,mpounia
552.5686420874445,551.5847808105873,3734.0,mpounia
564.724453915615,560.5715467328371,5802.0,mpounia
551.2160374425164,550.4590570719603,3481.0,mpounia
557.8322697649062,555.4557485525228,4922.0,mpounia
553.1108642985854,551.4702233250621,4933.0,mpounia
549.6826515087838,548.7047146401985,3575.0,mpounia
551.7036536245373,550.2440033085194,3127.0,mpounia
554.4770832187052,551.4379652605459,6719.0,mpounia
549.4615538623882,547.9379652605459,4065.0,mpounia
549.174066291234,547.8217535153019,4246.0,mpounia
553.3013098997753,552.2320099255583,3490.0,mpounia
546.157721563855,545.3411910669976,3473.0,mpounia
552.0248328167124,550.9462365591398,3968.0,mpounia
549.657615439003,548.5769230769231,3245.0,mpounia
556.2476241341069,555.2233250620347,3671.0,mpounia
548.0898083026727,547.1815550041357,3212.0,mpounia
545.8835004948305,543.7704714640198,4041.0,mpounia
548.2782298885548,546.5856079404466,4430.0,mpounia
551.397026779651,549.9491315136477,3509.0,mpounia
551.7656031419386,549.9871794871794,4450.0,mpounia
543.4355898183557,542.4023986765923,3707.0,mpounia
550.3036345120344,549.5856079404466,3253.0,mpounia
561.0003571695983,558.7001654259719,5097.0,mpounia
554.4507494642534,553.1960297766749,4412.0,mpounia
554.1475804719606,550.8999172870141,5245.0,mpounia
552.7748783821391,548.966087675765,4971.0,mpounia
558.7066796147634,554.4540942928039,5621.0,mpounia
553.7929257691246,551.3722084367246,4563.0,mpounia
553.765166655947,552.6422663358147,3415.0,mpounia
549.1787345344383,547.1617038875104,5448.0,mpounia
553.1750706683491,552.408188585608,3157.0,mpounia
554.1859472258062,552.5215053763441,3237.0,mpounia
543.9480924640561,543.2369727047146,2840.0,mpounia
549.0189916427755,548.322994210091,3334.0,mpounia
561.1758547464175,555.9958643507031,4138.0,mpounia
548.1348693411076,547.2485525227461,3405.0,mpounia
547.4665921877071,546.6290322580645,3729.0,mpounia
549.6215958972066,548.186517783292,3642.0,mpounia
549.947412329164,549.1108354011579,2867.0,mpounia
550.8668332637884,550.4069478908189,2762.0,mpounia
547.6957332422312,547.2158808933002,2682.0,mpounia
548.4161362305828,547.4602977667494,2483.0,mpounia
554.0352571546226,551.4061207609594,4382.0,mpounia
549.5816590826153,548.6228287841191,3434.0,mpounia
552.0386392477413,549.2084367245658,5928.0,mpounia
545.66670620418,544.8366418527709,3407.0,mpounia
552.5923780041559,552.0922249793217,3088.0,mpounia
549.6128493031315,546.7539288668321,4131.0,mpounia
552.8879914594661,552.4247311827957,2733.0,mpounia
554.5051520105889,553.4383788254756,3983.0,mpounia
559.6548412695927,552.2022332506203,4515.0,mpounia
554.1376328395611,552.8362282878412,4023.0,mpounia
551.173496198336,550.0723738626964,3959.0,mpounia
557.3128909287566,554.5558312655087,3937.0,mpounia
547.7606830745063,544.8552522746071,3787.0,mpounia
546.8774107591908,543.2638544251447,3821.0,mpounia
565.757503284531,560.7245657568238,4353.0,mpounia
553.8361641239046,552.2278742762613,4144.0,mpounia
555.4987676793714,552.7758478081058,4217.0,mpounia
552.1086576116699,550.7349048800662,3579.0,mpounia
548.4256428091719,547.8519437551696,2803.0,mpounia
552.0801276339971,550.1290322580645,5236.0,mpounia
548.9940383048735,547.9884201819685,4263.0,mpounia
550.5484478823586,549.2287014061208,4186.0,mpounia
547.339513096933,546.3043837882548,3595.0,mpounia
555.9779396668497,554.4131513647643,3776.0,mpounia
559.9933489502231,558.1811414392059,4984.0,mpounia
551.0608833765634,549.9483043837882,3986.0,mpounia
552.1463529897973,550.7828784119107,3899.0,mpounia
547.8446888882775,547.424317617866,2555.0,mpounia
550.7409224753497,549.4867659222498,3399.0,mpounia
557.1326568719378,555.3573200992556,4854.0,mpounia
556.398053595324,554.3316790736145,5825.0,mpounia
547.970741386843,546.6348221670802,3921.0,mpounia
552.0620020380798,550.9106699751861,3276.0,mpounia
551.8585670245102,550.1046319272126,4223.0,mpounia
550.4702268396447,548.1819685690654,4875.0,mpounia
554.453697999938,552.6534325889164,4517.0,mpounia
546.1017570309201,545.5004135649297,3047.0,mpounia
564.7974552226416,561.5384615384615,4977.0,mpounia
549.5268786170342,548.2353184449959,3413.0,mpounia
554.9274473997342,550.9077750206783,4888.0,mpounia
550.7645051342707,549.4325889164598,3828.0,mpounia
553.452163563559,552.8995037220843,3062.0,mpounia
556.9259684427448,554.9131513647643,4189.0,mpounia
548.2282180566908,547.5322580645161,3314.0,mpounia
549.707743992021,548.8238213399504,2700.0,mpounia
549.1587102850011,548.7001654259719,2681.0,mpounia
547.6559557840188,545.802729528536,3813.0,mpounia
544.9430631734932,542.2795698924731,5489.0,mpounia
549.927928957192,548.7344913151364,3378.0,mpounia
548.8731350342107,547.9871794871794,3061.0,mpounia
553.2670868542563,552.3999172870141,3255.0,mpounia
555.1142081762155,553.5268817204301,4330.0,mpounia
546.6050125110758,544.4052936311001,4120.0,mpounia
548.5198648942651,546.9578163771712,3631.0,mpounia
551.488243644787,549.3093465674111,4245.0,mpounia
553.8104674997794,551.9495450785773,4491.0,mpounia
550.7472324589635,549.854011579818,3146.0,mpounia
553.0296229447616,551.6579818031431,4384.0,mpounia
549.0328785573525,548.0578990901572,3820.0,mpounia
544.6080385311571,543.1397849462365,4659.0,mpounia
548.6219980771766,547.9909015715467,2814.0,mpounia
556.2550132672479,554.6530190239868,3782.0,mpounia
550.6055899784049,546.4462365591398,5354.0,mpounia
551.3523452404556,550.5475599669148,3975.0,mpounia
550.7510771356582,549.4619520264681,3799.0,mpounia
552.6637554911498,551.9818031430934,2974.0,mpounia
571.2569394778251,565.1906534325889,5078.0,mpounia
545.1504432630584,542.1745244003308,5023.0,mpounia
557.1017930100572,555.2191894127378,4573.0,mpounia
550.7845367043468,549.54052936311,4504.0,mpounia
544.9950607223383,543.7832919768404,3585.0,mpounia
551.6687684721031,549.6054590570719,5432.0,mpounia
552.3200896125164,550.4234904880066,4590.0,mpounia
547.7533669763357,546.5343258891646,3630.0,mpounia
553.5893416807245,551.9780810587263,3533.0,mpounia
546.3114225318294,545.0620347394541,3619.0,mpounia
549.7408326146402,547.4801488833747,5619.0,mpounia
553.4273417357017,551.2559966914806,4883.0,mpounia
540.5070521733564,538.4896608767576,3717.0,mpounia
557.3996402711066,555.8453267162945,4936.0,mpounia
554.2523302385433,552.0930521091811,5058.0,mpounia
571.3494597251363,565.7692307692307,7468.0,mpounia
548.4299437720432,545.4818031430934,5562.0,mpounia
547.6329204403634,546.2969396195202,3871.0,mpounia
547.0672995829241,544.8056244830439,4560.0,mpounia
562.1825754494333,559.1124896608768,5134.0,mpounia
551.1904662705324,549.9822167080232,3905.0,mpounia
559.496450685076,554.4809760132341,6379.0,mpounia
541.0817076856873,537.6319272125724,5481.0,mpounia
553.832806078245,551.8217535153019,4837.0,mpounia
548.4309904464292,547.5347394540943,3355.0,mpounia
556.3882428283787,555.04052936311,3652.0,mpounia
551.3980501961648,549.7287014061208,6252.0,mpounia
544.7624022041649,540.2948717948718,5063.0,mpounia
549.3479614922576,548.0314309346568,4082.0,mpounia
553.5290871961549,551.2535153019024,3759.0,mpounia
550.2725841557519,549.6794871794872,2848.0,mpounia
557.630965822976,555.126964433416,5875.0,mpounia
543.9225282225615,539.2328370554177,4692.0,mpounia
553.549786009712,552.0926385442515,4186.0,mpounia
558.2172212388971,555.8490488006616,4204.0,mpounia
556.6802143440915,554.4615384615385,4550.0,mpounia
567.0926444692116,559.5173697270471,5328.0,mpounia
544.0516266463833,535.9557485525228,6057.0,mpounia
549.1667419116312,548.3354011579818,3048.0,mpounia
553.4481683982623,547.6046319272126,4447.0,mpounia
555.4903909535135,553.3023159636062,4427.0,mpounia
565.4416541677754,560.5330851943755,7406.0,mpounia
555.0565899360452,552.7022332506203,6168.0,mpounia
539.6999829041436,538.5388751033912,4813.0,mpounia
542.403907778023,542.1736972704715,2114.0,mpounia
562.2027419685207,557.3713813068651,6117.0,mpounia
548.810329636417,547.0765095119934,4573.0,mpounia
550.5691085221652,548.8850289495451,5778.0,mpounia
551.6544576200541,549.252688172043,4856.0,mpounia
556.5570647613906,554.78370554177,4172.0,mpounia
551.7921201302919,550.6588089330024,3642.0,mpounia
549.7225170395344,549.1393713813069,3247.0,mpounia
557.722661362723,552.4330024813896,5506.0,mpounia
549.7570863677701,548.5727874276262,4401.0,mpounia
552.462416149042,551.7336641852771,3195.0,mpounia
557.6388275889149,555.354011579818,4483.0,mpounia
559.3604528492743,557.3023159636062,3523.0,mpounia
550.3266895767875,549.0690653432589,4391.0,mpounia
547.0096536694847,545.1724565756824,4387.0,mpounia
554.7968387239283,553.9540942928039,3542.0,mpounia
552.1863203878655,550.958229942101,4377.0,mpounia
550.7144889181542,549.7990074441688,3865.0,mpounia
557.1279253703415,552.7138130686518,5606.0,mpounia
552.6355520140519,551.0897435897435,4947.0,mpounia
548.3118546883048,546.7328370554177,4968.0,mpounia
556.0752782256764,553.8407775020678,3824.0,mpounia
558.8472064575665,553.7824648469809,6878.0,mpounia
545.7980452543541,542.8569065343258,5633.0,mpounia
549.3290877517084,548.3705541770058,3539.0,mpounia
565.4607814588672,559.9789081885856,5802.0,mpounia
553.1868930361279,550.9462365591398,5280.0,mpounia
555.8218112453661,553.9578163771712,4572.0,mpounia
551.3004972003921,548.1497105045493,4770.0,mpounia
558.9942274471823,556.7812241521918,4805.0,mpounia
549.3619876417316,547.3023159636062,4059.0,mpounia
552.346177532328,551.060794044665,3419.0,mpounia
552.4601213577804,550.4023986765923,4407.0,mpounia
545.8495609379737,544.6091811414392,4070.0,mpounia
558.3259310892844,556.3779983457403,3950.0,mpounia
551.8590694995567,551.1819685690654,3373.0,mpounia
552.239156544975,550.9214226633582,3524.0,mpounia
555.8156295582264,554.5715467328371,3214.0,mpounia
554.3323688035828,551.3709677419355,5120.0,mpounia
550.4437979392867,547.106699751861,3804.0,mpounia
550.44824015989,549.2510339123243,3358.0,mpounia
545.9780984194152,544.1534325889164,3884.0,mpounia
552.7918632596011,548.6902398676592,4808.0,mpounia
563.8991779373437,556.3622828784119,5954.0,mpounia
549.0836038074924,547.7733664185278,3733.0,mpounia
549.3680059444079,548.6947890818858,3333.0,mpounia
550.5322501707608,549.3953680727874,3456.0,mpounia
551.2599374255506,547.6443341604632,5362.0,mpounia
538.3948914503043,535.8821339950372,4986.0,mpounia
555.159874587814,552.4979321753515,4201.0,mpounia
554.8458671658291,553.0587262200165,3844.0,mpounia
559.1508805287083,554.3316790736145,4511.0,mpounia
555.1332007312993,553.6108354011579,4383.0,mpounia
544.8548117822305,543.0413564929694,4750.0,mpounia
556.5116664589162,555.0736145574855,4252.0,mpounia
552.8385152140297,551.1708023159636,4219.0,mpounia
550.3338279327196,548.2229114971051,3905.0,mpounia
553.2661057648975,550.0430107526881,4184.0,mpounia
555.1571272148417,552.3606286186931,5606.0,mpounia
543.1821135857085,540.1799007444168,6476.0,mpounia
553.362773764123,549.9483043837882,5096.0,mpounia
553.2496833788601,552.3817204301075,4391.0,mpounia
555.4703481665855,554.2770885028949,4325.0,mpounia
553.8078907895268,550.9028122415219,5169.0,mpounia
545.0896921968794,544.1521918941273,4100.0,mpounia
542.9890903065126,541.1232423490488,4922.0,mpounia
555.8402930232943,553.1327543424318,4931.0,mpounia
554.8117226230597,552.758064516129,4129.0,mpounia
543.3464724874901,536.278329197684,4470.0,mpounia
566.2888934416789,560.1993382961125,6846.0,mpounia
545.0955482675568,543.791976840364,4157.0,mpounia
546.5258434132923,544.8209263854425,4923.0,mpounia
550.0514191318837,548.4826302729529,3553.0,mpounia
554.0650650967165,551.990488006617,4365.0,mpounia
564.7167651255767,560.8800661703888,5861.0,mpounia
554.8139607268095,551.0818858560795,4475.0,mpounia
549.7739489594863,544.7588916459885,3925.0,mpounia
548.0515267867011,546.8531844499587,4100.0,mpounia
560.7105780679726,559.2820512820513,3445.0,mpounia
554.4165432902822,553.3180314309346,3321.0,mpounia
551.9454936467814,548.6947890818858,5321.0,mpounia
546.9713910679567,545.3221670802316,4128.0,mpounia
550.1714673690655,545.3614557485525,5390.0,mpounia
561.6126173884678,557.631100082713,5166.0,mpounia
554.2133304358118,550.9665012406948,5032.0,mpounia
556.0401206731223,554.617452440033,3982.0,mpounia
547.7209677181266,545.7183622828784,4341.0,mpounia
550.3295132927113,548.6757650951199,3359.0,mpounia
550.0183709993008,549.1596360628619,3836.0,mpounia
548.8309498352886,547.2766749379653,3531.0,mpounia
554.0790296818387,550.1666666666666,5968.0,mpounia
556.5305894015346,553.767576509512,4817.0,mpounia
556.8059344468553,552.458229942101,5277.0,mpounia
554.6055916440786,552.0504549214227,4470.0,mpounia
548.0193832492364,547.2981803143093,3475.0,mpounia
555.8821393547358,554.7816377171216,2977.0,mpounia
558.2159725055328,553.8246484698097,6004.0,mpounia
546.1335836884814,544.7266335814722,4328.0,mpounia
543.0255143764927,542.0980148883375,3867.0,mpounia
546.8428548865264,544.2626137303556,4381.0,mpounia
549.9558418997858,547.7009925558312,4694.0,mpounia
552.1624917422535,547.5876757650951,4860.0,mpounia
550.8940830469552,548.5727874276262,4184.0,mpounia
548.5539536208678,547.1943755169561,3984.0,mpounia
548.8920986679885,547.0355665839537,4936.0,mpounia
553.1896042166732,552.3759305210918,3449.0,mpounia
543.985940891408,541.9371381306865,5552.0,mpounia
552.374853242455,549.9511993382961,5104.0,mpounia
552.7240186363372,548.913564929694,5005.0,mpounia
547.8574068253522,547.4578163771712,2662.0,mpounia
560.0950306346277,556.4491315136477,4514.0,mpounia
557.2782693402895,552.9793217535153,6111.0,mpounia
542.3653419838671,540.5521091811414,4282.0,mpounia
552.5856710991093,551.379652605459,3904.0,mpounia
557.9820518827869,556.7667493796527,3501.0,mpounia
558.0387814818224,556.1939619520265,4443.0,mpounia
550.3178632575426,549.1029776674937,3905.0,mpounia
549.0980234633715,548.5599669148056,2861.0,mpounia
552.9897643602271,552.3643507030604,3181.0,mpounia
553.4499677767564,552.6410256410256,3131.0,mpounia
543.6895324468807,541.4152191894127,5267.0,mpounia
543.4774750826844,542.0785773366418,4260.0,mpounia
554.4262110420899,551.6732837055417,3953.0,mpounia
553.1157150272364,551.2464846980976,3428.0,mpounia
548.248599525544,546.8511166253102,4056.0,mpounia
555.03931223895,553.3643507030604,3486.0,mpounia
550.1816494527429,548.7969396195202,3783.0,mpounia
569.580783398812,564.6153846153846,6361.0,mpounia
543.5113413386805,542.2977667493797,4110.0,mpounia
556.4965021512124,554.0409429280397,4580.0,mpounia
550.0834266376083,548.968982630273,4167.0,mpounia
552.3705208532515,550.8515301902398,3856.0,mpounia
552.8644638468052,552.0988420181968,3622.0,mpounia
553.0904933907643,545.4280397022333,7707.0,mpounia
550.5474161258159,548.0777502067824,4492.0,mpounia
557.1049101321045,553.8006617038875,5116.0,mpounia
552.6806524923514,550.8151364764268,4285.0,mpounia
551.6309718597852,549.5074441687345,4925.0,mpounia
560.1475656336996,553.9181141439205,6300.0,mpounia
543.9767360951549,541.9532671629446,4226.0,mpounia
554.731953393527,551.9900744416874,4777.0,mpounia
547.53370148304,545.0153019023987,4092.0,mpounia
553.671874547563,549.0467328370554,5945.0,mpounia
546.6791931274787,544.3444995864351,4322.0,mpounia
549.3033436619035,548.2105045492142,3637.0,mpounia
553.3133680015908,551.789081885856,4111.0,mpounia
548.160733945681,546.5475599669148,4390.0,mpounia
562.169203163904,557.3519437551696,5274.0,mpounia
551.8649710178742,549.2142266335815,5607.0,mpounia
553.1588205279513,550.3995037220843,4131.0,mpounia
557.6393852987733,555.0545905707196,4957.0,mpounia
553.0426520061226,547.1765922249793,5179.0,mpounia
548.1619493781661,546.8982630272952,3939.0,mpounia
564.9641910960762,560.3287841191067,6146.0,mpounia
546.9866398750702,545.3246484698097,4562.0,mpounia
550.23671761291,548.9764267990074,4047.0,mpounia
552.9863301265821,551.7853598014889,3508.0,mpounia
549.2985394505564,547.6588089330024,4399.0,mpounia
550.8079898543093,549.3465674110836,5002.0,mpounia
552.1146785583317,548.5942928039702,6311.0,mpounia
548.1670774022509,547.2605459057072,4300.0,mpounia
549.010069347394,547.7468982630273,4403.0,mpounia
555.1142100387373,550.2146401985111,4814.0,mpounia
558.5140338182001,554.7737799834574,5614.0,mpounia
555.8184797055006,546.009511993383,6085.0,mpounia
558.7175644193909,552.8147229114971,6019.0,mpounia
549.7657550652955,548.1712158808933,4592.0,mpounia
555.5915393915813,552.8535980148883,5052.0,mpounia
564.0052065677821,557.9334160463193,7096.0,mpounia
554.1536479250902,551.4995864350703,5134.0,mpounia
545.0336870474545,543.4156327543425,3828.0,mpounia
549.9050252609798,546.9958643507031,5130.0,mpounia
553.4375588209094,551.6964433416047,4515.0,mpounia
545.2816688909074,543.6559139784946,3964.0,mpounia
567.8188704545968,561.2630272952854,7508.0,mpounia
545.034696993123,541.9532671629446,5648.0,mpounia
556.0114606884227,552.2009925558312,4829.0,mpounia
551.7932814701531,550.2018196856907,4228.0,mpounia
549.4026175270508,547.5173697270471,4299.0,mpounia
546.8492699725208,544.5674110835402,5284.0,mpounia
552.9126635960961,550.7154673283706,5078.0,mpounia
553.4038396687652,549.5483870967741,7314.0,mpounia
549.7270004472022,546.9007444168734,5392.0,mpounia
543.1393120015545,540.4818031430934,4211.0,mpounia
565.838703865678,560.3693134822167,5605.0,mpounia
561.4745084649115,558.1645988420182,5694.0,mpounia
547.1190695464499,545.7088502894954,4498.0,mpounia
547.8534112470724,546.1277915632754,4455.0,mpounia
550.8120582290188,549.5099255583126,3375.0,mpounia
550.6908395319617,549.1848635235732,3952.0,mpounia
563.3074478564856,560.205541770058,3845.0,mpounia
550.10116108551,545.883788254756,6445.0,mpounia
547.5330046969073,545.6236559139785,5400.0,mpounia
546.1555138664411,544.458229942101,4699.0,mpounia
550.3684820987443,547.3511166253102,4155.0,mpounia
557.4745447756223,554.1302729528536,5406.0,mpounia
564.8150128664298,562.5033085194375,5219.0,mpounia
549.7081622906824,547.0835401157982,5544.0,mpounia
553.0158599502305,548.9086021505376,4818.0,mpounia
544.988335826494,543.3953680727874,3463.0,mpounia
560.5615080444564,556.8420181968569,5824.0,mpounia
548.2798444600996,545.5239867659222,4663.0,mpounia
549.4006720313083,543.2464846980976,6775.0,mpounia
548.468040527944,546.7001654259719,4004.0,mpounia
560.0608343123865,556.468982630273,6837.0,mpounia
554.1882024087116,548.1186931348221,5762.0,mpounia
554.3573921934927,552.08105872622,4040.0,mpounia
562.5660626586466,558.0843672456575,6956.0,mpounia
550.865823500073,548.4143920595534,5455.0,mpounia
553.4782033541062,552.3631100082713,3693.0,mpounia
548.551366920672,546.8908188585608,4088.0,mpounia
555.2734551626535,551.0459057071961,4881.0,mpounia
552.3594769067527,549.1447477253929,7006.0,mpounia
552.3572812685543,548.4197684036394,6623.0,mpounia
546.8962174898585,545.2386269644334,4107.0,mpounia
556.8392050950184,551.8614557485525,6165.0,mpounia
559.6523838385267,555.0198511166253,6773.0,mpounia
542.081015664102,540.0574855252274,4231.0,mpounia
547.7666495105043,546.0450785773367,4170.0,mpounia
554.2280065183136,551.1521918941273,5714.0,mpounia
549.5261365690801,547.6124896608768,3684.0,mpounia
562.4895175937169,557.5765095119934,4774.0,mpounia
544.940013848437,541.4755996691481,6197.0,mpounia
554.6752986489918,552.4346567411084,4650.0,mpounia
563.3716134624217,561.0471464019851,5461.0,mpounia
556.0473548869355,551.9156327543425,5846.0,mpounia
551.8810288234106,549.3564929693962,4688.0,mpounia
566.4780881178175,562.8196856906534,6049.0,mpounia
550.4001529528805,547.4342431761787,6304.0,mpounia
558.6188402523347,556.3147229114971,5069.0,mpounia
543.7501547303051,541.5674110835402,6025.0,mpounia
543.2055649322514,542.1244830438379,4190.0,mpounia
552.2927095052991,547.4272125723738,6606.0,mpounia
549.2858654216641,547.4367245657568,4416.0,mpounia
552.6509378801279,550.5115798180315,5337.0,mpounia
548.5732275836157,547.6885856079405,3731.0,mpounia
553.7381571195217,552.6389578163771,4023.0,mpounia
554.7484798812171,549.4631927212572,6900.0,mpounia
552.4152023897111,549.6923076923077,4711.0,mpounia
551.4050299286395,548.0066170388751,7954.0,mpounia
565.3017219213814,561.1542597187758,6833.0,mpounia
547.9183235184893,544.5570719602978,6908.0,mpounia
556.0659604375367,553.626964433416,4746.0,mpounia
555.7750525308917,551.4019851116625,6965.0,mpounia
550.4401397014402,548.9363110008271,4711.0,mpounia
559.2781065029856,556.4495450785773,7167.0,mpounia
550.6358186654344,546.4251447477254,6449.0,mpounia
553.9633016155558,552.4164598842018,5628.0,mpounia
553.6279420901977,549.0471464019851,7784.0,mpounia
551.1985275658274,549.020264681555,5589.0,mpounia
553.4532870468184,552.1116625310174,4624.0,mpounia
548.9267308405244,547.0512820512821,3780.0,mpounia
546.318082692907,546.2340777502068,1382.0,rest
551.335007343612,551.3101736972704,807.0,rest
551.8375750742734,551.828370554177,971.0,rest
551.2413534711225,551.2332506203473,888.0,rest
549.8475884771862,549.8395368072787,894.0,rest
550.2542892867006,550.2460711331679,860.0,rest
550.3872243922397,550.379652605459,943.0,rest
552.7553465307049,552.5922249793217,869.0,rest
551.1585860839521,550.6902398676592,2118.0,rest
548.2485486077048,548.2394540942928,721.0,rest
548.0806980846007,548.0777502067824,655.0,rest
548.0163797187389,548.0128205128206,702.0,rest
548.5009811319662,548.4975186104218,703.0,rest
550.4212553241881,550.4177005789909,914.0,rest
549.6189205407481,549.6145574855252,733.0,rest
549.4580418784916,549.4524400330852,846.0,rest
548.9365664733766,548.9106699751861,881.0,rest
550.2978319851081,550.2886683209264,871.0,rest
550.3132103137476,550.3076923076923,831.0,rest
549.3184607298338,549.3147229114971,813.0,rest
548.7376369542105,548.7336641852771,857.0,rest
550.5521793919725,550.5384615384615,907.0,rest
550.9343601084037,550.9239040529363,812.0,rest
550.2662093550555,550.2559966914806,726.0,rest
546.8109133310758,546.772952853598,1061.0,rest
550.8659905428972,550.8622828784119,923.0,rest
549.8544645407105,549.8502894954507,876.0,rest
549.0890278870137,549.0856079404466,838.0,rest
550.1808045548108,550.1774193548387,902.0,rest
549.8656738742753,549.8622828784119,879.0,rest
548.921506695466,548.8651778329198,1179.0,rest
550.4187288678528,550.4156327543425,897.0,rest
549.551704284849,549.5157154673284,1208.0,rest
548.5945359251958,548.5868486352357,754.0,rest
549.9324655882967,549.9259718775847,881.0,rest
550.0944756815428,550.0909842845326,887.0,rest
550.7477855083478,550.7336641852771,919.0,rest
549.1108031270514,549.0587262200165,1269.0,rest
549.8312196852886,549.813482216708,891.0,rest
550.0310950680607,550.0285359801488,935.0,rest
550.6813664256042,550.6786600496278,867.0,rest
549.0724967613584,549.0698924731183,833.0,rest
550.0501071242461,550.0467328370554,981.0,rest
549.5805160208498,549.5781637717122,830.0,rest
550.1441359371543,550.1410256410256,822.0,rest
549.5328657634383,549.5301902398677,867.0,rest
549.5143712874554,549.5115798180315,794.0,rest
550.2849960911863,550.2816377171216,911.0,rest
549.5541007739087,549.550041356493,878.0,rest
550.1492759301349,550.1455748552522,835.0,rest
549.9160263739018,549.9131513647643,904.0,rest
548.9566654987746,548.9540942928039,819.0,rest
550.8001856386637,550.7965260545906,946.0,rest
550.0863305431748,550.0827129859388,937.0,rest
549.9642115583861,549.9598842018197,805.0,rest
549.3555390376059,549.3527708850289,900.0,rest
549.0417567936527,549.039288668321,842.0,rest
550.0763620949816,550.0727874276262,832.0,rest
549.9955184417761,549.9917287014061,866.0,rest
548.977174357241,548.9727047146401,747.0,rest
550.1108400231728,550.1075268817204,951.0,rest
550.0017599039442,549.9979321753515,891.0,rest
549.5566925374079,549.5533498759305,941.0,rest
549.9533054093653,549.949958643507,895.0,rest
550.4810408579809,550.4731182795699,718.0,rest
550.2227900524794,550.2196029776675,887.0,rest
550.2559762250487,550.2531017369727,852.0,rest
549.7120650169002,549.7092638544251,912.0,rest
550.4469118175962,550.4437551695617,945.0,rest
549.6536171463063,549.6497105045493,813.0,rest
550.391563376081,550.3883374689826,1012.0,rest
550.5979252311229,550.5947063688999,905.0,rest
549.0919317792591,549.0893300248139,954.0,rest
550.492803134364,550.4900744416874,908.0,rest
549.3322350513406,549.3296112489661,897.0,rest
549.8969972727572,549.8937138130686,916.0,rest
549.9266136467868,549.9230769230769,921.0,rest
549.7605381408706,549.7576509511994,934.0,rest
550.7148587661673,550.710918114144,888.0,rest
549.349405039456,549.3428453267163,871.0,rest
549.6186662100231,549.6071133167908,878.0,rest
549.9978472023437,549.9950372208436,924.0,rest
550.2242703892595,550.2208436724566,911.0,rest
550.2650575690521,550.262200165426,895.0,rest
550.0718992030078,550.0686517783292,911.0,rest
549.4061840631653,549.4032258064516,920.0,rest
550.8928747684407,550.8899917287014,931.0,rest
549.4519300998842,549.4119106699752,1033.0,rest
549.028236944858,549.0239867659222,837.0,rest
550.891017490179,550.8866832092639,1023.0,rest
549.2396650620012,549.2353184449959,804.0,rest
549.6521548353436,549.6484698097602,930.0,rest
550.5297452577516,550.5264681555004,923.0,rest
550.1452293407792,550.1414392059553,878.0,rest
549.1839061545379,549.1811414392059,933.0,rest
549.7333262065353,549.7299421009099,900.0,rest
550.0188762833418,550.0157154673284,892.0,rest
549.9498431900985,549.9474772539289,974.0,rest
550.1690277151849,550.1658395368073,795.0,rest
549.6173783767489,549.6141439205956,835.0,rest
549.4228060140966,549.41894127378,812.0,rest
550.2539225112716,550.2510339123243,1005.0,rest
549.3019478022884,549.29735318445,877.0,rest
550.2403772031953,550.237799834574,1009.0,rest
550.5455464142747,550.5434243176179,1068.0,rest
549.6549902930125,549.6521918941273,1002.0,rest
549.6497072333468,549.645988420182,916.0,rest
550.4998014812854,550.4962779156327,928.0,rest
549.9875056855896,549.9842845326716,884.0,rest
549.3478263594834,549.3444995864351,777.0,rest
549.3355457004925,549.3325062034739,929.0,rest
549.5653241354864,549.5624483043838,843.0,rest
550.5711043479562,550.5682382133995,963.0,rest
549.8285810769256,549.8258891645988,903.0,rest
549.8940570195402,549.8908188585608,864.0,rest
549.6404246056039,549.6360628618693,931.0,rest
550.4999881677608,550.4958643507031,778.0,rest
549.5035773814436,549.4991728701406,848.0,rest
550.9021918447246,550.8999172870141,992.0,rest
549.3964520621348,549.3928866832092,947.0,rest
549.231064112911,549.2274607113317,846.0,rest
550.4707076675379,550.4665012406948,895.0,rest
549.7182337128966,549.7154673283706,813.0,rest
550.3633648175843,550.3610421836229,1007.0,rest
549.4028911530032,549.3995037220843,916.0,rest
549.5142647944385,549.5111662531017,844.0,rest
550.7903127044495,550.7874276261373,846.0,rest
549.7752221333686,549.7725392886683,927.0,rest
549.8287491870436,549.8254755996692,865.0,rest
550.4935374935542,550.490488006617,906.0,rest
549.8466159532755,549.8436724565756,760.0,rest
550.9145408005752,550.9123242349049,917.0,rest
549.0452842454727,549.0425971877585,774.0,rest
549.901900793476,549.898676592225,853.0,rest
550.3468374027473,550.3444995864351,999.0,rest
549.8793085113012,549.8759305210918,971.0,rest
550.6192168086229,550.616211745244,854.0,rest
550.4976908303928,550.4950372208436,963.0,rest
551.1142532923355,551.112076095947,800.0,rest
548.8836045389579,548.8804797353184,735.0,rest
549.3417886383821,549.3387096774194,832.0,rest
549.866473377175,549.8639371381307,835.0,rest
550.4231401094138,550.4205955334987,891.0,rest
549.5401363465171,549.5376344086021,880.0,rest
549.8082717177842,549.8056244830439,819.0,rest
550.3190641562971,550.3155500413565,889.0,rest
550.2719859106777,550.2692307692307,952.0,rest
550.1874641043435,550.1844499586435,891.0,rest
550.3688360234794,550.3660049627791,909.0,rest
549.5693068912447,549.5661703887511,833.0,rest
550.4875100847477,550.4846980976013,896.0,rest
550.1980822339914,550.1960297766749,946.0,rest
550.1133329356911,550.1091811414392,841.0,rest
549.9177684974192,549.913564929694,711.0,rest
549.5885354632637,549.5847808105873,805.0,rest
550.3634080253703,550.3606286186931,921.0,rest
550.9308638937704,550.9284532671629,906.0,rest
549.2641904868725,549.2617866004963,829.0,rest
549.8667964121183,549.863523573201,825.0,rest
550.3613084987653,550.3581472291149,870.0,rest
550.2716007336996,550.2679900744417,875.0,rest
550.1189911887257,550.116211745244,798.0,rest
550.041516592326,550.0380479735319,826.0,rest
550.1122360856461,550.1091811414392,803.0,rest
550.6076202228564,550.6042183622828,804.0,rest
550.2376432232269,550.2349048800662,926.0,rest
550.9184578765853,550.9164598842018,920.0,rest
549.9284659097635,549.9255583126551,904.0,rest
550.3022227773697,550.2990074441688,921.0,rest
549.5672126087258,549.5636889991729,720.0,rest
549.9512234932029,549.9487179487179,796.0,rest
549.5614350416421,549.5583126550869,764.0,rest
550.2049497831896,550.2022332506203,926.0,rest
549.9644514416021,549.9615384615385,894.0,rest
550.1810916999832,550.1782464846981,917.0,rest
550.6368787968617,550.6339950372209,892.0,rest
551.0254554217491,551.0235732009926,944.0,rest
549.7914120593315,549.7886683209264,826.0,rest
549.3577801732583,549.3552522746071,810.0,rest
549.9641378638347,549.9615384615385,942.0,rest
548.7534433647154,548.7510339123243,794.0,rest
550.8288408486524,550.8263027295285,902.0,rest
549.7399738741066,549.7361455748553,908.0,rest
550.5301295029075,550.4979321753515,1107.0,rest
550.5500088470818,550.5471464019851,896.0,rest
550.3637386587513,550.3598014888338,754.0,rest
549.9224198988085,549.9193548387096,890.0,rest
549.9247625056299,549.9210090984285,767.0,rest
549.1350198793544,549.131100082713,879.0,rest
550.7806029076266,550.7655086848636,1002.0,rest
549.0696929433005,549.0578990901572,880.0,rest
550.3816320156543,550.37841191067,877.0,rest
550.0240486508684,550.0206782464847,826.0,rest
550.4792159978954,550.4764267990074,913.0,rest
550.3486611988574,550.3354011579818,1051.0,rest
550.4761890758347,550.4731182795699,882.0,rest
549.2646283233726,549.262200165426,833.0,rest
549.6655457264981,549.66211745244,901.0,rest
551.0104910141091,551.0078577336642,900.0,rest
550.7461357449982,550.7427626137304,764.0,rest
550.2162932849183,550.213399503722,843.0,rest
549.540336528895,549.5368072787428,789.0,rest
550.6633585128051,550.6604631927213,916.0,rest
549.3513239915018,549.348635235732,880.0,rest
549.8538474133849,549.8507030603805,826.0,rest
550.4580027763361,550.455334987593,931.0,rest
549.8716945613179,549.8680727874276,828.0,rest
550.4789327646432,550.4755996691481,928.0,rest
549.697583976509,549.6952026468156,1042.0,rest
550.0643116020735,550.0612076095947,895.0,rest
549.7017365561711,549.6989247311828,875.0,rest
549.824234641556,549.8213399503722,885.0,rest
550.7132378162323,550.7105045492142,911.0,rest
549.9212970984861,549.9185277088503,898.0,rest
550.6515844831434,550.6488833746898,863.0,rest
549.2046441066882,549.2018196856907,877.0,rest
550.5194681966511,550.5169561621175,910.0,rest
549.7673250226236,549.7642679900745,907.0,rest
550.0575851499332,550.0550041356493,992.0,rest
549.4273957428054,549.424317617866,922.0,rest
551.7476917050966,551.7452440033085,818.0,rest
548.8539153066092,548.8511166253102,829.0,rest
550.0509740270645,550.0475599669148,888.0,rest
549.720305978981,549.7167080231596,867.0,rest
549.6650502749802,549.6617038875104,756.0,rest
550.4766950665709,550.4735318444996,856.0,rest
549.6288032299166,549.6261373035567,838.0,rest
549.9577395599614,549.9545078577337,920.0,rest
549.9757232028426,549.9727047146401,783.0,rest
549.7392242147166,549.7357320099255,849.0,rest
549.3362989221467,549.333746898263,764.0,rest
549.94049794687,549.9367245657568,864.0,rest
550.2502945780304,550.2477253928867,858.0,rest
549.4397729529271,549.4354838709677,740.0,rest
550.704439846067,550.7018196856907,931.0,rest
550.7653513894548,550.7617866004963,858.0,rest
549.0488478300966,549.0459057071961,780.0,rest
549.9385254011853,549.9358974358975,939.0,rest
550.4664121315931,550.463606286187,916.0,rest
549.9886723399248,549.9855252274607,878.0,rest
550.5370394846286,550.533912324235,890.0,rest
549.9532663053596,549.9507857733664,938.0,rest
550.219549758377,550.21629445823,877.0,rest
550.2425794094843,550.2394540942928,903.0,rest
550.005224428153,550.0024813895782,881.0,rest
550.1723502422223,550.1699751861042,909.0,rest
550.1101175575723,550.1075268817204,980.0,rest
549.8442816632271,549.8416046319272,1012.0,rest
549.8123489943636,549.8093465674111,890.0,rest
551.2041304117388,551.2018196856907,931.0,rest
549.303773561858,549.3006617038875,791.0,rest
549.8441741058828,549.8416046319272,963.0,rest
550.3018966161709,550.2990074441688,882.0,rest
550.6486899424336,550.6464019851117,997.0,rest
549.9673499595275,549.963606286187,855.0,rest
549.9328867241387,549.9301075268817,949.0,rest
550.5930718500105,550.5901571546733,956.0,rest
550.8566450759378,550.854011579818,873.0,rest
549.196909354016,549.1939619520265,808.0,rest
549.5327265369671,549.5301902398677,951.0,rest
549.9238265921595,549.9214226633582,963.0,rest
550.8671196759848,550.86476426799,879.0,rest
549.3665131374717,549.3639371381307,873.0,rest
550.7797544232609,550.7770885028949,929.0,rest
549.6083619543923,549.6054590570719,858.0,rest
549.175793447946,549.1720430107526,798.0,rest
550.49517937442,550.4917287014061,987.0,rest
550.1710753563922,550.1683209263855,955.0,rest
549.8358928793467,549.7233250620347,1176.0,rest
549.5536364526179,549.5492142266336,803.0,rest
549.9521777840891,549.9487179487179,885.0,rest
549.7952269375166,549.7923904052936,961.0,rest
548.9607065356311,548.958229942101,836.0,rest
550.1098566878662,550.106699751861,891.0,rest
549.796312760669,549.7928039702233,915.0,rest
550.4387117874643,550.4354838709677,867.0,rest
549.4828872145197,549.479735318445,734.0,rest
549.9877553340344,549.985111662531,929.0,rest
549.6165269679346,549.6129032258065,740.0,rest
550.3685245546958,550.3655913978495,1006.0,rest
549.4458058338303,549.4421009098428,847.0,rest
550.0368534160217,550.033912324235,884.0,rest
550.2185267805623,550.2154673283706,910.0,rest
550.0702677122342,550.0669975186104,867.0,rest
551.0009693623174,550.9987593052109,950.0,rest
549.4693631666157,549.4669148056245,892.0,rest
549.6212520256531,549.6182795698925,923.0,rest
549.2583472373684,549.2547559966915,753.0,rest
550.5284813409535,550.5244003308519,932.0,rest
549.2324428339726,549.2299421009099,899.0,rest
549.8035892624949,549.8006617038875,889.0,rest
549.700539951371,549.6968569065343,781.0,rest
550.0792641582725,550.0760959470637,930.0,rest
550.6603269701974,550.6575682382133,881.0,rest
549.96535607862,549.9623655913979,949.0,rest
549.9657704214288,549.9631927212572,1011.0,rest
549.8602119522488,549.8573200992556,889.0,rest
549.8673736626798,549.8639371381307,944.0,rest
549.7493044713648,549.7460711331679,848.0,rest
549.9913007808913,549.9875930521092,789.0,rest
550.4304624218685,550.4276261373036,993.0,rest
550.1049516377553,550.1021505376344,900.0,rest
549.7292957391658,549.7262200165426,905.0,rest
550.1687281605734,550.166253101737,927.0,rest
549.9448021027215,549.9421009098428,818.0,rest
550.0483413600297,550.044665012407,881.0,rest
550.3556339507572,550.3527708850289,958.0,rest
549.5594739285416,549.5558312655087,889.0,rest
549.1697606131255,549.1670802315964,836.0,rest
550.2627607540074,550.2597187758478,922.0,rest
549.8412531261831,549.83788254756,880.0,rest
550.1976545361421,550.1943755169561,938.0,rest
550.2553193381088,550.2522746071133,933.0,rest
550.1752536784369,550.1720430107526,864.0,rest
549.4693417157368,549.4665012406948,891.0,rest
550.6648579429836,550.6625310173697,940.0,rest
549.9961154836882,549.9933829611249,870.0,rest
549.8851579478649,549.8821339950372,869.0,rest
549.7453060932369,549.741935483871,818.0,rest
550.1375999015843,550.1348221670802,895.0,rest
549.7339713042621,549.7311827956989,912.0,rest
550.4783636682118,550.4760132340778,924.0,rest
549.895314497709,549.8924731182796,865.0,rest
549.6527548836623,549.6505376344086,828.0,rest
550.4582413173983,550.4549214226633,908.0,rest
550.0183777665009,550.0157154673284,967.0,rest
549.5692226083797,549.5661703887511,915.0,rest
549.9282500759498,549.9255583126551,932.0,rest
549.9050820419676,549.9019851116625,837.0,rest
550.0734972322517,550.0707196029776,943.0,rest
550.4519490579271,550.4491315136477,865.0,rest
549.0044991009502,549.0020678246485,810.0,rest
550.4561327610883,550.4528535980149,938.0,rest
548.8964901568731,548.8937138130686,773.0,rest
550.3092705175292,550.3064516129032,918.0,rest
550.327719492684,550.3250620347394,1011.0,rest
548.9486202512628,548.9466501240695,772.0,rest
550.4094107458117,550.4069478908189,842.0,rest
550.5735324552012,550.5711331679073,938.0,rest
550.4512672356412,550.4487179487179,952.0,rest
549.7371347171429,549.7344913151364,872.0,rest
550.1559760785012,550.1530190239868,959.0,rest
549.4031000420499,549.3999172870141,919.0,rest
550.4301814175751,550.4276261373036,883.0,rest
550.0093540072303,550.0057899090157,844.0,rest
549.0421522490204,549.039288668321,827.0,rest
549.8206858608507,549.8180314309346,900.0,rest
550.0195661607286,550.016129032258,869.0,rest
550.3346278827233,550.3316790736145,882.0,rest
550.2563272158037,550.2531017369727,907.0,rest
550.0619361321707,550.0591397849462,963.0,rest
549.593288980112,549.590570719603,930.0,rest
550.123460088688,550.1207609594707,900.0,rest
549.740795376248,549.737799834574,882.0,rest
550.0981971140748,550.0951199338297,856.0,rest
548.7464890674513,548.7440033085194,801.0,rest
550.6758540150482,550.6736972704715,983.0,rest
549.9337538117408,549.9309346567411,886.0,rest
549.9837165797684,549.9809760132341,920.0,rest
550.3372862333545,550.3345740281225,975.0,rest
549.7674325950028,549.7650951199338,912.0,rest
550.4021369934422,550.3990901571547,898.0,rest
550.1281913170061,550.1253101736972,970.0,rest
550.7275719997992,550.7253928866832,1003.0,rest
549.9646345498801,549.9619520264681,980.0,rest
550.0260671317318,550.0227460711332,836.0,rest
549.535186701146,549.5326716294459,883.0,rest
550.3994658066973,550.3966087675765,1001.0,rest
550.0962882854624,550.0934656741108,1009.0,rest
549.3211416903806,549.3180314309346,867.0,rest
549.8699669580512,549.8672456575682,916.0,rest
550.1158055389084,550.1133167907361,1053.0,rest
550.2310515510592,550.2282878411911,903.0,rest
549.0215445021656,549.0186104218362,827.0,rest
549.6687907912295,549.666253101737,888.0,rest
550.7406896886617,550.7373862696444,797.0,rest
549.3768083790767,549.3738626964433,806.0,rest
549.8098208683093,549.8060380479735,878.0,rest
550.7336853915687,550.7311827956989,879.0,rest
549.2131893700281,549.210918114144,832.0,rest
549.9784220144959,549.9751861042183,899.0,rest
550.4368056423824,550.4338296112489,885.0,rest
549.947343520415,549.9433416046319,1000.0,rest
549.7588068031,549.7555831265508,957.0,rest
550.2775335566027,550.2746071133168,956.0,rest
550.2412295257192,550.2386269644334,1046.0,rest
549.426189884216,549.4234904880066,912.0,rest
549.7697028938722,549.7667493796527,957.0,rest
549.4418063761432,549.4383788254756,946.0,rest
549.4025644579025,549.3995037220843,937.0,rest
551.2877229111754,551.2857733664185,1015.0,rest
549.7842704218706,549.7795698924731,834.0,rest
550.1129296048631,550.1095947063689,1010.0,rest
549.7280239635342,549.7249793217535,964.0,rest
549.8464700369332,549.8436724565756,1098.0,rest
549.9573684507889,549.9549214226633,984.0,rest
550.1114643800373,550.1087675765095,1040.0,rest
549.9634851402346,549.9598842018197,983.0,rest
549.8515214275684,549.848635235732,996.0,rest
550.2902764336918,550.2874276261373,984.0,rest
549.5063161425558,549.5033085194375,922.0,rest
549.0083702945088,549.005376344086,845.0,rest
550.1125341674547,550.1095947063689,995.0,rest
550.3806514184057,550.3775847808106,1074.0,rest
549.1825284412083,549.1799007444168,928.0,rest
550.5425976056069,550.5388751033912,898.0,rest
549.2715542254342,549.2684036393714,922.0,rest
549.7097752954896,549.705541770058,914.0,rest
550.2557270740876,550.252688172043,948.0,rest
550.2632966282703,550.2605459057072,1009.0,rest
549.6558736195461,549.6530190239868,965.0,rest
549.5187378596763,549.5157154673284,971.0,rest
550.7691118404204,550.7667493796527,1054.0,rest
549.5610346921839,549.5566583953681,911.0,rest
549.4659931103843,549.4631927212572,905.0,rest
550.5833991362857,550.5806451612904,1015.0,rest
549.4877251880525,549.4855252274607,1017.0,rest
549.5856733251285,549.5827129859388,977.0,rest
550.6966942417583,550.6935483870968,952.0,rest
550.2321786048217,550.2295285359802,970.0,rest
550.1311848212392,550.1277915632754,866.0,rest
549.8876906161382,549.8850289495451,1020.0,rest
549.4966303198202,549.4937965260546,989.0,rest
549.01479585812,549.0119933829611,926.0,rest
550.1863658987231,550.1836228287841,913.0,rest
549.5072877635117,549.5041356492969,875.0,rest
550.1418175684809,550.1385442514475,950.0,rest
549.0306929668739,549.0285359801488,846.0,rest
550.1761970570027,550.1736972704715,1127.0,rest
549.5301993822407,549.5268817204301,1029.0,rest
550.552197795933,550.5496277915632,1009.0,rest
549.2036719503117,549.2009925558312,923.0,rest
549.5389811573101,549.5177832919768,868.0,rest
551.3322791668215,551.3300248138958,976.0,rest
549.835279491984,549.8320926385443,851.0,rest
550.532078143811,550.5293631100083,936.0,rest
549.3861515428202,549.3833746898263,958.0,rest
549.4228504249394,549.4197684036394,880.0,rest
549.7998071634704,549.7965260545906,919.0,rest
549.3091461535786,549.3056244830439,841.0,rest
550.4795413027506,550.4772539288668,1017.0,rest
548.5203508246683,548.5181968569066,757.0,rest
549.9076744074486,549.9044665012407,878.0,rest
550.7706353864286,550.767576509512,952.0,rest
549.42792866823,549.424317617866,819.0,rest
549.8809311674105,549.8779983457403,924.0,rest
550.0680907546822,550.064929693962,858.0,rest
550.490825806334,550.4884201819685,990.0,rest
549.7647989462978,549.7617866004963,848.0,rest
549.8994618238355,549.8970223325063,921.0,rest
549.8193616437846,549.8159636062862,878.0,rest
550.4651401807175,550.4619520264681,900.0,rest
550.3105931799676,550.308105872622,948.0,rest
549.6709230584369,549.6679073614557,868.0,rest
550.0734833232899,550.070306038048,940.0,rest
549.7250703933959,549.7224979321753,949.0,rest
550.2324435504361,550.2291149710504,926.0,rest
549.1571374581,549.1546732837055,808.0,rest
550.1902686153887,550.1869313482217,956.0,rest
550.1935064510875,550.1898263027296,870.0,rest
550.4423557594939,550.4396195202647,915.0,rest
549.7948188600241,549.791976840364,951.0,rest
549.8464015916253,549.8436724565756,852.0,rest
549.951130244832,549.9478908188586,1013.0,rest
550.2416752282417,550.2394540942928,1001.0,rest
549.2076031111883,549.2047146401985,901.0,rest
550.315099978053,550.312241521919,970.0,rest
550.2173670025323,550.2146401985111,970.0,rest
550.3380809180112,550.3358147229116,1032.0,rest
549.4571601156144,549.4545078577337,916.0,rest
549.7823672734187,549.7787427626138,903.0,rest
549.8502093190217,549.8473945409429,853.0,rest
550.1977327094118,550.1943755169561,876.0,rest
550.3914961256617,550.3887510339123,893.0,rest
550.11081107946,550.1079404466501,836.0,rest
549.9373845852211,549.9342431761787,870.0,rest
550.3728892344726,550.3693134822167,882.0,rest
550.1435206382496,550.140612076096,927.0,rest
548.8887766793914,548.8858560794044,852.0,rest
549.0686825107985,549.0657568238213,861.0,rest
550.3281786519407,550.3250620347394,935.0,rest
551.3706333028784,551.3676592224979,786.0,rest
549.1667351339368,549.1641852770884,798.0,rest
550.4942643391537,550.4917287014061,1071.0,rest
550.2689244038762,550.2655086848636,889.0,rest
549.3472015111262,549.3436724565756,847.0,rest
549.280863415799,549.2775020678247,820.0,rest
549.8606538269169,549.8577336641853,881.0,rest
551.1628098194215,551.160876757651,1017.0,rest
549.7280721112603,549.7249793217535,898.0,rest
551.3571626846544,551.3552522746071,960.0,rest
549.5873792470367,549.5835401157982,819.0,rest
549.5597053342314,549.5570719602978,913.0,rest
550.1236611864533,550.1211745244003,1004.0,rest
551.5880472442242,551.586435070306,971.0,rest
549.2870260371209,549.2841191066998,882.0,rest
549.8672646056169,549.8639371381307,948.0,rest
549.94334244606,549.940446650124,934.0,rest
550.9141909798606,550.9114971050454,882.0,rest
549.4160750953697,549.4123242349049,757.0,rest
549.3455821718951,549.3420181968569,760.0,rest
550.452575281839,550.4487179487179,905.0,rest
549.5229294202777,549.520264681555,968.0,rest
550.2217129630984,550.2187758478082,909.0,rest
549.4202215226807,549.4168734491315,897.0,rest
550.5339366329885,550.531017369727,993.0,rest
549.9071818063031,549.9036393713814,944.0,rest
549.7142023825428,549.7100909842845,883.0,rest
550.0791269496664,550.075682382134,854.0,rest
550.3631145880782,550.3602150537635,962.0,rest
550.3366873071385,550.333746898263,1007.0,rest
549.8825711169585,549.8792390405293,921.0,rest
549.7310497390032,549.7282878411911,1028.0,rest
550.675043295517,550.671629445823,912.0,rest
550.1821440632078,550.1790736145575,1024.0,rest
550.1114211524626,550.1083540115798,933.0,rest
549.2819479969901,549.2787427626138,777.0,rest
549.8682385972402,549.8655913978495,945.0,rest
550.2563414959368,550.2522746071133,889.0,rest
549.4223867454547,549.41894127378,861.0,rest
550.3452138659377,550.3424317617867,986.0,rest
550.2804732639376,550.2775020678247,931.0,rest
550.2826305925388,550.2803970223325,990.0,rest
550.2011012902848,550.1980976013234,880.0,rest
549.6048569284166,549.6021505376344,787.0,rest
